estimator,k_placements,mechanism,operating_point,target_r2,beta_true,n_subjects,rate,aur_lo,aur_hi,aur_median,dbeta_mean,dbeta_lo,dbeta_hi,n_sim
single_draw,1,pure_background,same_channel,0.31,0.5567764362830022,27,1024Hz,0.8525548869361512,1.1713457282832807,1.000890818460907,0.0004902727696134647,-0.08762246676241994,0.09074341762860501,4000
single_draw,1,stimulus_locked,same_channel,0.31,0.5567764362830022,27,1024Hz,0.3778920989424374,0.6313347419694088,0.49806186466043567,,,,4000
single_draw,1,dilution,same_channel,0.31,0.5567764362830022,27,1024Hz,1.593634419951423,2.605520480285358,1.9922319840049867,,,,4000
matched_contrast,1000,pure_background,same_channel,0.31,0.5567764362830022,27,1024Hz,0.8914296058687963,1.116961746617986,0.9936992263496153,0.0033663186617760585,-0.058327118275755985,0.06782945529220176,4000
matched_contrast,1000,stimulus_locked,same_channel,0.31,0.5567764362830022,27,1024Hz,0.4442300178206239,0.5540403454297603,0.497474656444503,,,,4000
matched_contrast,1000,dilution,same_channel,0.31,0.5567764362830022,27,1024Hz,1.6234721017636444,2.544763525009829,1.9939982896495558,,,,4000
single_draw,1,pure_background,same_channel,0.31,0.5567764362830022,27,500Hz,0.8534653950356514,1.1766461630517755,1.0015037930909727,-0.00014259938014881532,-0.08970792259614066,0.08892738673443523,4000
single_draw,1,stimulus_locked,same_channel,0.31,0.5567764362830022,27,500Hz,0.3756702885096852,0.6370357399036665,0.49830930858430805,,,,4000
single_draw,1,dilution,same_channel,0.31,0.5567764362830022,27,500Hz,1.5799686850746775,2.594515804697544,2.008424744652597,,,,4000
matched_contrast,1000,pure_background,same_channel,0.31,0.5567764362830022,27,500Hz,0.8989725453668014,1.121759555982778,1.0017371318553416,-0.0007404763962107006,-0.0604453438121122,0.06265687777097702,4000
matched_contrast,1000,stimulus_locked,same_channel,0.31,0.5567764362830022,27,500Hz,0.4487150686114982,0.5615831117839925,0.5008325025688369,,,,4000
matched_contrast,1000,dilution,same_channel,0.31,0.5567764362830022,27,500Hz,1.625579334485207,2.6324820133611557,2.009028273595419,,,,4000
single_draw,1,pure_background,same_channel,0.31,0.5567764362830022,28,1024Hz,0.8567769340027752,1.1721646389156657,0.9988357190507507,3.6877613575217686e-05,-0.089686398663879,0.08725481304343985,4000
single_draw,1,stimulus_locked,same_channel,0.31,0.5567764362830022,28,1024Hz,0.38260075296523743,0.6293962844456789,0.4994584935318863,,,,4000
single_draw,1,dilution,same_channel,0.31,0.5567764362830022,28,1024Hz,1.5870911033744939,2.606133810284223,2.0085793651799673,,,,4000
matched_contrast,1000,pure_background,same_channel,0.31,0.5567764362830022,28,1024Hz,0.8930820763985753,1.1122867133689742,0.9956343948639044,0.0032136920912993324,-0.05618696939039125,0.06670788807068359,4000
matched_contrast,1000,stimulus_locked,same_channel,0.31,0.5567764362830022,28,1024Hz,0.4469283868004332,0.5570866005333241,0.4988604193764744,,,,4000
matched_contrast,1000,dilution,same_channel,0.31,0.5567764362830022,28,1024Hz,1.6319089154366577,2.5426214900337674,1.9910080309102072,,,,4000
single_draw,1,pure_background,same_channel,0.31,0.5567764362830022,28,500Hz,0.8562230809465137,1.167643848476764,1.003635071545229,-0.0012949114414187552,-0.08544315020562462,0.08536926716963675,4000
single_draw,1,stimulus_locked,same_channel,0.31,0.5567764362830022,28,500Hz,0.3748677638271642,0.6314790688047962,0.49639418674065294,,,,4000
single_draw,1,dilution,same_channel,0.31,0.5567764362830022,28,500Hz,1.5839946796799145,2.638634647380709,2.0138999393324823,,,,4000
matched_contrast,1000,pure_background,same_channel,0.31,0.5567764362830022,28,500Hz,0.8982677426911135,1.1204451864471823,1.003255294171034,-0.0008172386231036906,-0.05965295304205276,0.06305493518820736,4000
matched_contrast,1000,stimulus_locked,same_channel,0.31,0.5567764362830022,28,500Hz,0.45011577723631957,0.5597923877891592,0.5012022990947231,,,,4000
matched_contrast,1000,dilution,same_channel,0.31,0.5567764362830022,28,500Hz,1.6362909076948142,2.5638721038094,2.0108469752168316,,,,4000
single_draw,1,pure_background,same_channel,0.31,0.5567764362830022,84,1024Hz,0.9151213208982742,1.0970527847591804,1.0005403969548499,-0.0003866046713730559,-0.05162974969775883,0.04963659397412376,4000
single_draw,1,stimulus_locked,same_channel,0.31,0.5567764362830022,84,1024Hz,0.4269829060392391,0.5727092333521144,0.49901270987354696,,,,4000
single_draw,1,dilution,same_channel,0.31,0.5567764362830022,84,1024Hz,1.7512642255972326,2.336807200288404,2.0036193342891617,,,,4000
matched_contrast,1000,pure_background,same_channel,0.31,0.5567764362830022,84,1024Hz,0.9334744893632947,1.0647538846206424,0.9946916271044224,0.0032869274925513316,-0.03385829145800981,0.039715224633043236,4000
matched_contrast,1000,stimulus_locked,same_channel,0.31,0.5567764362830022,84,1024Hz,0.4675220431271774,0.5300890366002625,0.49781756064817195,,,,4000
matched_contrast,1000,dilution,same_channel,0.31,0.5567764362830022,84,1024Hz,1.7697307308397145,2.2762192463613817,1.9907481375477774,,,,4000
single_draw,1,pure_background,same_channel,0.31,0.5567764362830022,84,500Hz,0.9147876262982434,1.0984076558494227,1.000472440312816,-0.0003680885700964761,-0.05125588170589069,0.04937026968985133,4000
single_draw,1,stimulus_locked,same_channel,0.31,0.5567764362830022,84,500Hz,0.4295636153055323,0.5744261146743113,0.49994650345620284,,,,4000
single_draw,1,dilution,same_channel,0.31,0.5567764362830022,84,500Hz,1.7451544382841027,2.322515376765719,2.0088463445218006,,,,4000
matched_contrast,1000,pure_background,same_channel,0.31,0.5567764362830022,84,500Hz,0.9401560807388698,1.06989555282695,1.0014970489217372,-0.0006809364464270149,-0.036359888375303684,0.03539355851754014,4000
matched_contrast,1000,stimulus_locked,same_channel,0.31,0.5567764362830022,84,500Hz,0.47058819190661444,0.533947582754305,0.5002461562982349,,,,4000
matched_contrast,1000,dilution,same_channel,0.31,0.5567764362830022,84,500Hz,1.773089932427646,2.280542079526156,2.0060650734033945,,,,4000
single_draw,1,pure_background,same_channel,0.31,0.5567764362830022,90,1024Hz,0.9150007200361753,1.0896547652291582,1.0000913532082352,9.056863150824568e-05,-0.04801064837166521,0.04994470362312522,4000
single_draw,1,stimulus_locked,same_channel,0.31,0.5567764362830022,90,1024Hz,0.4319640594779398,0.5698948231378832,0.4994332252811149,,,,4000
single_draw,1,dilution,same_channel,0.31,0.5567764362830022,90,1024Hz,1.7432536231685063,2.3117198413096394,2.0025589779283655,,,,4000
matched_contrast,1000,pure_background,same_channel,0.31,0.5567764362830022,90,1024Hz,0.9358582166971278,1.0621545531058942,0.9945897837983434,0.0031421749145764915,-0.03260200793243995,0.03817469218496171,4000
matched_contrast,1000,stimulus_locked,same_channel,0.31,0.5567764362830022,90,1024Hz,0.4689924000444036,0.528814968621911,0.4977643303517334,,,,4000
matched_contrast,1000,dilution,same_channel,0.31,0.5567764362830022,90,1024Hz,1.7733931750823444,2.255107773420083,1.9929436843146306,,,,4000
single_draw,1,pure_background,same_channel,0.31,0.5567764362830022,90,500Hz,0.9143607465490899,1.0916865546451002,0.999481146595572,0.00023607529964119706,-0.0481683359605231,0.04936296955580119,4000
single_draw,1,stimulus_locked,same_channel,0.31,0.5567764362830022,90,500Hz,0.4314938970467127,0.5688286754460019,0.49903265030738897,,,,4000
single_draw,1,dilution,same_channel,0.31,0.5567764362830022,90,500Hz,1.7567969039688556,2.3195704799312824,2.0070533049430246,,,,4000
matched_contrast,1000,pure_background,same_channel,0.31,0.5567764362830022,90,500Hz,0.94130734642651,1.0645233286991085,1.001134189577475,-0.0004990164573344415,-0.03374109671880219,0.03470149513086312,4000
matched_contrast,1000,stimulus_locked,same_channel,0.31,0.5567764362830022,90,500Hz,0.47134155163805513,0.5321212531815429,0.5007687090019457,,,,4000
matched_contrast,1000,dilution,same_channel,0.31,0.5567764362830022,90,500Hz,1.7843963574788784,2.2805256966304728,2.0086740425119727,,,,4000
single_draw,1,pure_background,small_effect,0.01,0.1,27,1024Hz,0.34175487548865346,3.0547122691748507,1.0071253242096145,-0.00044076133828113896,-0.09235338189590828,0.08831552942418294,4000
single_draw,1,stimulus_locked,small_effect,0.01,0.1,27,1024Hz,0.03374465619156907,1.7198763890749056,0.5019086552977163,,,,4000
single_draw,1,dilution,small_effect,0.01,0.1,27,1024Hz,0.5566860924488366,28.390701414911028,1.9978680401365847,,,,4000
matched_contrast,1000,pure_background,small_effect,0.01,0.1,27,1024Hz,0.6054114973373657,2.549530444223253,0.9886526812059573,0.0009012773189630823,-0.061108591117726055,0.06509689377016552,4000
matched_contrast,1000,stimulus_locked,small_effect,0.01,0.1,27,1024Hz,0.3034999121513124,1.3257265449027933,0.4993338840989529,,,,4000
matched_contrast,1000,dilution,small_effect,0.01,0.1,27,1024Hz,0.8852318424346978,31.404201056074875,2.022314340586306,,,,4000
single_draw,1,pure_background,small_effect,0.01,0.1,27,500Hz,0.31122082007738694,2.8855341684846088,0.9992521698061393,0.000654393694192119,-0.08628029089807418,0.08811492534061861,4000
single_draw,1,stimulus_locked,small_effect,0.01,0.1,27,500Hz,0.03664158153509528,1.764761891444003,0.5056474145029297,,,,4000
single_draw,1,dilution,small_effect,0.01,0.1,27,500Hz,0.5324181702201173,30.690325536243,1.9870582314875607,,,,4000
matched_contrast,1000,pure_background,small_effect,0.01,0.1,27,500Hz,0.6068905168255759,2.579086208064226,1.007160608751779,-0.00020295539402256503,-0.06113979338906141,0.06428996859938031,4000
matched_contrast,1000,stimulus_locked,small_effect,0.01,0.1,27,500Hz,0.3055292850994019,1.2828367844826305,0.5057850952758955,,,,4000
matched_contrast,1000,dilution,small_effect,0.01,0.1,27,500Hz,0.8927651233699425,30.0702444627015,2.018725367074417,,,,4000
single_draw,1,pure_background,small_effect,0.01,0.1,28,1024Hz,0.3381741998232097,3.072666551675444,1.0088589976850693,-0.000578377682861175,-0.09157886565373265,0.08895333360946414,4000
single_draw,1,stimulus_locked,small_effect,0.01,0.1,28,1024Hz,0.03784449214951963,1.6758585952158143,0.4931206567004001,,,,4000
single_draw,1,dilution,small_effect,0.01,0.1,28,1024Hz,0.5917550491718553,25.40248090686716,2.002408369967572,,,,4000
matched_contrast,1000,pure_background,small_effect,0.01,0.1,28,1024Hz,0.6170868903239977,2.75779106463772,1.0001820085681148,-0.0003471863000504626,-0.06368224303115276,0.06187549686472682,4000
matched_contrast,1000,stimulus_locked,small_effect,0.01,0.1,28,1024Hz,0.31305865112945314,1.273830867571308,0.5040591101894276,,,,4000
matched_contrast,1000,dilution,small_effect,0.01,0.1,28,1024Hz,0.8944285424940865,29.271056369873367,1.9589582564185435,,,,4000
single_draw,1,pure_background,small_effect,0.01,0.1,28,500Hz,0.3341318181151099,2.8259528474010738,1.0078798866457535,0.00036801230552589026,-0.0852619520678512,0.0895978214534222,4000
single_draw,1,stimulus_locked,small_effect,0.01,0.1,28,500Hz,0.030998918422534782,1.6773519254019797,0.5091992099399627,,,,4000
single_draw,1,dilution,small_effect,0.01,0.1,28,500Hz,0.5680946734502962,29.34658142821992,2.0444752930906938,,,,4000
matched_contrast,1000,pure_background,small_effect,0.01,0.1,28,500Hz,0.6179386146149165,2.597330782006947,1.000350878395964,-0.0005358401849800237,-0.06179282266704101,0.061738554409015725,4000
matched_contrast,1000,stimulus_locked,small_effect,0.01,0.1,28,500Hz,0.3109220628305037,1.2990019769606935,0.5012147262882185,,,,4000
matched_contrast,1000,dilution,small_effect,0.01,0.1,28,500Hz,0.8894931755948501,25.456208426729596,2.0367972615955354,,,,4000
single_draw,1,pure_background,small_effect,0.01,0.1,84,1024Hz,0.5728439459895749,1.6830520785755514,0.9951090068747899,0.0002849737949461972,-0.050135263827928454,0.05143779735820403,4000
single_draw,1,stimulus_locked,small_effect,0.01,0.1,84,1024Hz,0.14231185953356593,1.000712329333892,0.5033084651185229,,,,4000
single_draw,1,dilution,small_effect,0.01,0.1,84,1024Hz,0.9847014593278208,7.842264311483274,2.007743448816407,,,,4000
matched_contrast,1000,pure_background,small_effect,0.01,0.1,84,1024Hz,0.7359953331720084,1.569252971752788,0.9931044301930257,0.0005016170214536647,-0.036392437689398836,0.03567048739629953,4000
matched_contrast,1000,stimulus_locked,small_effect,0.01,0.1,84,1024Hz,0.3685210280989347,0.7740993486659233,0.49618832663202106,,,,4000
matched_contrast,1000,dilution,small_effect,0.01,0.1,84,1024Hz,1.1428036833772697,7.13071745000051,1.9773352915343692,,,,4000
single_draw,1,pure_background,small_effect,0.01,0.1,84,500Hz,0.5875310553141909,1.6830538253612795,0.9955023060719359,0.0003414333540813932,-0.04866535970535558,0.048895519003386775,4000
single_draw,1,stimulus_locked,small_effect,0.01,0.1,84,500Hz,0.12869287070982435,1.0245097112819175,0.5045042332683498,,,,4000
single_draw,1,dilution,small_effect,0.01,0.1,84,500Hz,0.987192848077428,6.535169235351596,1.9828549230664958,,,,4000
matched_contrast,1000,pure_background,small_effect,0.01,0.1,84,500Hz,0.7466883247334257,1.531684936173485,1.0092022078355931,-0.0006028674524278907,-0.03478383281506334,0.03413742771776007,4000
matched_contrast,1000,stimulus_locked,small_effect,0.01,0.1,84,500Hz,0.36838848410216063,0.7784843243769125,0.5003890363165238,,,,4000
matched_contrast,1000,dilution,small_effect,0.01,0.1,84,500Hz,1.168113275280906,7.432783497544535,1.9981112285224054,,,,4000
single_draw,1,pure_background,small_effect,0.01,0.1,90,1024Hz,0.5897860775349912,1.6915999554141072,0.9943180859736739,0.00033445554520730226,-0.04957132793596364,0.04970832877346618,4000
single_draw,1,stimulus_locked,small_effect,0.01,0.1,90,1024Hz,0.15712473695847728,0.9924845106223975,0.5007537140313402,,,,4000
single_draw,1,dilution,small_effect,0.01,0.1,90,1024Hz,1.0132632289989945,6.5159326981964005,1.9964877199182902,,,,4000
matched_contrast,1000,pure_background,small_effect,0.01,0.1,90,1024Hz,0.7387737428862314,1.5296378107674444,0.9972807265911572,0.0002759248469953814,-0.034748487328521,0.035390643401799364,4000
matched_contrast,1000,stimulus_locked,small_effect,0.01,0.1,90,1024Hz,0.3700520298910814,0.7506298763081704,0.4958145101256918,,,,4000
matched_contrast,1000,dilution,small_effect,0.01,0.1,90,1024Hz,1.181843365650032,6.478343625383645,1.98627815983819,,,,4000
single_draw,1,pure_background,small_effect,0.01,0.1,90,500Hz,0.6077704493961678,1.6650121775157134,0.992402526990019,0.0007754715228520079,-0.04939194034186454,0.04717378757650883,4000
single_draw,1,stimulus_locked,small_effect,0.01,0.1,90,500Hz,0.14373203737151302,0.9706365053977479,0.4942739483509968,,,,4000
single_draw,1,dilution,small_effect,0.01,0.1,90,500Hz,1.0278587464129152,7.289876948806186,2.0068077742758326,,,,4000
matched_contrast,1000,pure_background,small_effect,0.01,0.1,90,500Hz,0.7373774840649311,1.5059703939341242,1.0018773037806323,3.249189349603894e-05,-0.03362494971047442,0.03546178485728743,4000
matched_contrast,1000,stimulus_locked,small_effect,0.01,0.1,90,500Hz,0.3732709832589084,0.760893811204918,0.5061729068238037,,,,4000
matched_contrast,1000,dilution,small_effect,0.01,0.1,90,500Hz,1.194803274592038,6.850532642755636,2.023924687517583,,,,4000
