beta,SE,z,p,R2_marginal,n_trials,n_subjects,electrode,kind,measure
0.16891145866733384,0.026024838180533926,6.490394195560314,8.561196196410492e-11,0.0252691002492606,1625,33,C3,real,mean_cross_to_Pz
0.2802349648202607,0.03329282211943213,8.417278770029384,0.0,0.0697956363169999,943,26,C3,pseudo,mean_cross_to_Pz
0.25590442856331114,0.02468175343768398,10.368162424497665,0.0,0.062193783710879455,1625,33,C4,real,mean_cross_to_Pz
0.27979816579292033,0.03418520429920983,8.184773837943327,2.220446049250313e-16,0.06629999774454075,943,26,C4,pseudo,mean_cross_to_Pz
0.15049034601239317,0.026136136292493544,5.7579415843349,8.514580818186346e-09,0.020004731730742104,1625,33,C5,real,mean_cross_to_Pz
0.24754796288360348,0.034509020440275935,7.173427692971748,7.314149286230531e-13,0.05162499429938767,943,26,C5,pseudo,mean_cross_to_Pz
0.20388697102004297,0.026611561623849193,7.661593629940159,1.84297022087776e-14,0.03487813487308352,1625,33,C6,real,mean_cross_to_Pz
0.23832516634354714,0.03497414633294373,6.814324045961284,9.47086853386736e-12,0.04682791295974691,943,26,C6,pseudo,mean_cross_to_Pz
0.31552788453163644,0.02438165149477895,12.941202305315663,0.0,0.09411409767474081,1625,33,CPz,real,mean_cross_to_Pz
0.37837863892667195,0.03196299279650706,11.838022845220598,0.0,0.12933264654179033,943,26,CPz,pseudo,mean_cross_to_Pz
0.242955423453725,0.025967723803617785,9.356053895639356,0.0,0.05124636883985486,1625,33,Cz,real,mean_cross_to_Pz
0.3195655093563784,0.033842956317767105,9.442600296375726,0.0,0.08632971525611406,943,26,Cz,pseudo,mean_cross_to_Pz
0.1373052130038993,0.026389588676786303,5.203006939046395,1.960895448238631e-07,0.016387429022892537,1625,33,F3,real,mean_cross_to_Pz
0.22034867692772528,0.03364779604891452,6.548680829121756,5.804756675331646e-11,0.0434890280220699,943,26,F3,pseudo,mean_cross_to_Pz
0.17389879565237365,0.02607712427500869,6.66863392674903,2.5819568705287566e-11,0.02668268934975085,1625,33,F4,real,mean_cross_to_Pz
0.20530673758358509,0.032673680641243694,6.283550966842353,3.309257312622549e-10,0.04017420610357986,943,26,F4,pseudo,mean_cross_to_Pz
0.12921014195161165,0.02604161007545241,4.961680233182238,6.988598011403724e-07,0.014940424117402746,1625,33,F7,real,mean_cross_to_Pz
0.19912982488811728,0.03378740278865868,5.893611478031647,3.778449775282411e-09,0.035524748372670244,943,26,F7,pseudo,mean_cross_to_Pz
0.15176369950948607,0.02677894910031198,5.66727614817857,1.4508541479330006e-08,0.019442877097632417,1625,33,F8,real,mean_cross_to_Pz
0.1550487166675657,0.030006980341335594,5.167088287586906,2.3776896629357225e-07,0.027199610291638223,943,26,F8,pseudo,mean_cross_to_Pz
0.12231609682172424,0.024759864576893928,4.9400955502749575,7.808429762778957e-07,0.014796571829490702,1625,33,FC3,real,mean_cross_to_Pz
0.23484341833997935,0.032837589631991605,7.1516643265188415,8.573142196155459e-13,0.04985353445161503,943,26,FC3,pseudo,mean_cross_to_Pz
0.20109971183131004,0.02577630652521322,7.801727203802584,6.217248937900877e-15,0.0361338179708336,1625,33,FC4,real,mean_cross_to_Pz
0.265266371232731,0.03575764395388815,7.418452165774948,1.1857181902996672e-13,0.05513977660863428,943,26,FC4,pseudo,mean_cross_to_Pz
0.22481796969773776,0.026912546859730917,8.353648982740149,0.0,0.04128373922316481,1625,33,FCz,real,mean_cross_to_Pz
0.24715118905073272,0.0334182451281081,7.395696216341825,1.4077627952246985e-13,0.054757544572551387,943,26,FCz,pseudo,mean_cross_to_Pz
0.13196549813417102,0.02689438436390689,4.906804942940909,9.257201392109948e-07,0.01460217768606397,1625,33,FP1,real,mean_cross_to_Pz
0.09508318986668267,0.027412003821288854,3.4686698019806443,0.000523041878189856,0.012583440492212083,943,26,FP1,pseudo,mean_cross_to_Pz
0.15593314380927398,0.026204279562479074,5.950674714696175,2.670393461912113e-09,0.021349288278250014,1625,33,FP2,real,mean_cross_to_Pz
0.07469234680042829,0.027455385023208895,2.7204989745104107,0.006518347405782832,0.007778909909738355,943,26,FP2,pseudo,mean_cross_to_Pz
0.17089532857798312,0.02537530589782951,6.734710086494001,1.642574964932919e-11,0.02719609447961487,1625,33,Fz,real,mean_cross_to_Pz
0.22265453309517916,0.03387964699110525,6.571926004826284,4.966849154186548e-11,0.0437754200080905,943,26,Fz,pseudo,mean_cross_to_Pz
0.1255553837887361,0.026041870815825586,4.821288941823503,1.4263358001365134e-06,0.01410646350918765,1625,33,HEOG_left,real,mean_cross_to_Pz
0.1286598685871887,0.03081760213492259,4.174882524081618,2.9813986328619535e-05,0.018133544315523404,943,26,HEOG_left,pseudo,mean_cross_to_Pz
0.12985695795687185,0.02637384054584375,4.923703005299924,8.492169154550311e-07,0.014699388900595384,1625,33,HEOG_right,real,mean_cross_to_Pz
0.10697043239845627,0.03050932072733086,3.5061558188881605,0.00045462898817638653,0.012865203558225423,943,26,HEOG_right,pseudo,mean_cross_to_Pz
0.136575847540984,0.025565296771255536,5.34223595223599,9.180704507727455e-08,0.01726287560064526,1625,33,O1,real,mean_cross_to_Pz
0.30531764846423065,0.03075176182634994,9.928460365565668,0.0,0.08831519490999627,943,26,O1,pseudo,mean_cross_to_Pz
0.19812989724502872,0.02542398751556253,7.793029992787303,6.439293542825908e-15,0.03605794033871795,1625,33,O2,real,mean_cross_to_Pz
0.2653882886171182,0.03460476264271875,7.669126107211113,1.7319479184152442e-14,0.05847455647099153,943,26,O2,pseudo,mean_cross_to_Pz
0.16964669677200886,0.02464080017298041,6.8847884638922165,5.787370582766016e-12,0.02834954490533678,1625,33,Oz,real,mean_cross_to_Pz
0.2880856235675643,0.030336616117439198,9.496300525158322,0.0,0.08728355986186148,943,26,Oz,pseudo,mean_cross_to_Pz
0.15733788100331228,0.026114192969769953,6.024994959080227,1.691148998617109e-09,0.021897395963201845,1625,33,P10,real,mean_cross_to_Pz
0.24445200020639973,0.033982655276494945,7.193434362837498,6.317169010117141e-13,0.0519876772542355,943,26,P10,pseudo,mean_cross_to_Pz
0.20502998854832077,0.024131887558626247,8.496226747709597,0.0,0.04268964772047078,1625,33,P3,real,mean_cross_to_Pz
0.3202244908029219,0.027806252923180803,11.516276273814851,0.0,0.1231016920445803,943,26,P3,pseudo,mean_cross_to_Pz
0.2823790154722098,0.025580699250406812,11.03875279983674,0.0,0.06980309625681061,1625,33,P4,real,mean_cross_to_Pz
0.31414470290002044,0.03027481471590878,10.376436845208634,0.0,0.10139675926231052,943,26,P4,pseudo,mean_cross_to_Pz
0.11258917432666957,0.02711949985147565,4.151594791322941,3.30166460240644e-05,0.01053617357595616,1625,33,P7,real,mean_cross_to_Pz
0.22386045010912786,0.036334529225700345,6.161094002857911,7.224407738704031e-10,0.03859534463611349,943,26,P7,pseudo,mean_cross_to_Pz
0.21124051683085465,0.026226282376480822,8.05453528633897,8.881784197001252e-16,0.038391333673844445,1625,33,P8,real,mean_cross_to_Pz
0.296591586223263,0.034330768901724,8.639235173330736,0.0,0.07331387670863614,943,26,P8,pseudo,mean_cross_to_Pz
0.10875805965283614,0.026858178656851604,4.049346049944888,5.136095144098185e-05,0.009989804153527737,1625,33,P9,real,mean_cross_to_Pz
0.20444899202916653,0.03481723914341011,5.872062146773139,4.304073319971735e-09,0.03510328702614137,943,26,P9,pseudo,mean_cross_to_Pz
0.15690693428030014,0.024847697167071005,6.314747528726261,2.7060287344227163e-10,0.02396696831823728,1625,33,PO3,real,mean_cross_to_Pz
0.3260668978325587,0.030088773471593694,10.836829162890039,0.0,0.1054753268813387,943,26,PO3,pseudo,mean_cross_to_Pz
0.2002781048280044,0.025038624416986947,7.998766285744107,1.3322676295501878e-15,0.03790496017839326,1625,33,PO4,real,mean_cross_to_Pz
0.2611976581404244,0.03212580174823945,8.13046348811321,4.440892098500626e-16,0.06545664222219558,943,26,PO4,pseudo,mean_cross_to_Pz
0.11142707844637206,0.02594042842344142,4.295498772320949,1.7430100190729547e-05,0.011231326680370078,1625,33,PO7,real,mean_cross_to_Pz
0.253901374714438,0.03171597650443018,8.005472405334023,1.1102230246251565e-15,0.0635802317819469,943,26,PO7,pseudo,mean_cross_to_Pz
0.19816155458023535,0.026158402203068375,7.575445665293389,3.574918139293004e-14,0.03411229678345687,1625,33,PO8,real,mean_cross_to_Pz
0.24105613763978465,0.031920187974033815,7.551839539161771,4.285460875053104e-14,0.05689633596770608,943,26,PO8,pseudo,mean_cross_to_Pz
0.5820951721553073,0.022700404911837935,25.642501726995757,0.0,0.2874569899077011,1625,33,Pz,real,mean_cross_to_Pz
0.5824015045156935,0.024865411267149546,23.42215450444296,0.0,0.3701534380310829,943,26,Pz,pseudo,mean_cross_to_Pz
0.13430182435255936,0.025823543828677135,5.200751114702418,1.9848474663852755e-07,0.01637287334242127,1625,33,VEOG_lower,real,mean_cross_to_Pz
0.10637544520039156,0.029524022680135577,3.6030132598415645,0.00031454947596354366,0.013541987773265296,943,26,VEOG_lower,pseudo,mean_cross_to_Pz
0.4818424770395754,0.021659313128504765,22.246433863382585,0.0,0.2280768774397946,1625,33,C3,real,mean_same_channel
0.5261262689967047,0.02666883655654953,19.728129792279773,0.0,0.2897746328236939,943,26,C3,pseudo,mean_same_channel
0.4598761832379762,0.022719756871571423,20.241245794905755,0.0,0.20078193099187533,1625,33,C4,real,mean_same_channel
0.46336881749263714,0.028397894366530434,16.31701320921739,0.0,0.21836570009950385,943,26,C4,pseudo,mean_same_channel
0.46780086298711954,0.021610204584835462,21.64722046710236,0.0,0.22382802156682502,1625,33,C5,real,mean_same_channel
0.5674609930780188,0.027878090963233768,20.355087937204836,0.0,0.3035291230388614,943,26,C5,pseudo,mean_same_channel
0.48013407844723305,0.02320585676559876,20.69021123835436,0.0,0.20874887558356744,1625,33,C6,real,mean_same_channel
0.4739074993590767,0.02820775855268073,16.800608189906633,0.0,0.23013042269852405,943,26,C6,pseudo,mean_same_channel
0.5158560702465327,0.02071892848817713,24.897816049748727,0.0,0.27733236013465445,1625,33,CPz,real,mean_same_channel
0.5116437559879469,0.026643894410093575,19.203039469865168,0.0,0.2818616053337511,943,26,CPz,pseudo,mean_same_channel
0.5050412731656471,0.02264342290549027,22.304104607929727,0.0,0.23540599351953004,1625,33,Cz,real,mean_same_channel
0.5757145603550056,0.028111952893908557,20.47935134665633,0.0,0.30774849995710624,943,26,Cz,pseudo,mean_same_channel
0.4151072815877639,0.02183780668514028,19.008652634984042,0.0,0.1818561551033685,1625,33,F3,real,mean_same_channel
0.4995199561083137,0.02702726026001661,18.48207888267868,0.0,0.2665303680098252,943,26,F3,pseudo,mean_same_channel
0.45513183390266504,0.022901397825289632,19.873539483256806,0.0,0.19597898735655775,1625,33,F4,real,mean_same_channel
0.44727156255929,0.027123558594239004,16.49015047215411,0.0,0.2238386818957989,943,26,F4,pseudo,mean_same_channel
0.4421330813585074,0.022644105080289103,19.52530602515922,0.0,0.19080385576044584,1625,33,F7,real,mean_same_channel
0.5061877645863261,0.028757296727408208,17.60206355223525,0.0,0.24754423463830827,943,26,F7,pseudo,mean_same_channel
0.452026061659436,0.022750838108166808,19.868545479965128,0.0,0.1955713050316301,1625,33,F8,real,mean_same_channel
0.4552453777904436,0.02515708258010153,18.09611175464871,0.0,0.25883944012578997,943,26,F8,pseudo,mean_same_channel
0.44850246816615996,0.02091875494161487,21.440208531432646,0.0,0.22114825360264817,1625,33,FC3,real,mean_same_channel
0.4568862584209857,0.026129681726023864,17.485335765339602,0.0,0.24656292405175734,943,26,FC3,pseudo,mean_same_channel
0.4345213712260026,0.021942682494971773,19.802563853602418,0.0,0.19482745864551876,1625,33,FC4,real,mean_same_channel
0.480584586542941,0.028470315906682177,16.88019859414853,0.0,0.23342140995845106,943,26,FC4,pseudo,mean_same_channel
0.4828799683426448,0.02217982773283039,21.771132497476074,0.0,0.2263453489987986,1625,33,FCz,real,mean_same_channel
0.4728127226581857,0.02656269642096337,17.79987675818334,0.0,0.251512626254837,943,26,FCz,pseudo,mean_same_channel
0.4247456592697532,0.022885218469531406,18.559825410242205,0.0,0.17547701475650962,1625,33,FP1,real,mean_same_channel
0.5405286200324589,0.02376653645721138,22.743264295393306,0.0,0.3544681876672238,943,26,FP1,pseudo,mean_same_channel
0.43819115955263593,0.02338210202652512,18.740451951477382,0.0,0.17791328815883636,1625,33,FP2,real,mean_same_channel
0.5297918038238324,0.023813193275704917,22.2478269793554,0.0,0.344051251661039,943,26,FP2,pseudo,mean_same_channel
0.44325277865792023,0.020674908709566415,21.439164974538645,0.0,0.21837999298836439,1625,33,Fz,real,mean_same_channel
0.4877281133918608,0.027281863445356234,17.87737536216131,0.0,0.25471039031694115,943,26,Fz,pseudo,mean_same_channel
0.4562578686991097,0.02173419919254503,20.992623866979606,0.0,0.21449837991340845,1625,33,HEOG_left,real,mean_same_channel
0.49248929065515573,0.02759027595770333,17.850103834052103,0.0,0.2551134333903174,943,26,HEOG_left,pseudo,mean_same_channel
0.43396093741331476,0.02179765551161616,19.908606096745277,0.0,0.19621611688818102,1625,33,HEOG_right,real,mean_same_channel
0.48969709102518977,0.027511740437447797,17.79956786589318,0.0,0.25236544990911636,943,26,HEOG_right,pseudo,mean_same_channel
0.542507645730875,0.020670821584956207,26.245093524763462,0.0,0.29925206415471844,1625,33,O1,real,mean_same_channel
0.589817885357287,0.025930298540648895,22.746282092845007,0.0,0.35351673612869283,943,26,O1,pseudo,mean_same_channel
0.5256300132121768,0.020552303361094777,25.575236214505626,0.0,0.28711529452031087,1625,33,O2,real,mean_same_channel
0.6024893099271097,0.03058382201609353,19.69960816571825,0.0,0.29185953889633737,943,26,O2,pseudo,mean_same_channel
0.5281090428113481,0.02153007882740041,24.528894995927573,0.0,0.2703133553828747,1625,33,Oz,real,mean_same_channel
0.6357621691642943,0.026929157820160924,23.60869112246508,0.0,0.3717957387843659,943,26,Oz,pseudo,mean_same_channel
0.45832681899307365,0.022487635938869033,20.381280639681336,0.0,0.20365758304823725,1625,33,P10,real,mean_same_channel
0.49679019403595914,0.029703710991531098,16.724852802991528,0.0,0.22934081366538042,943,26,P10,pseudo,mean_same_channel
0.5194577443290339,0.019836713481003715,26.186683838856855,0.0,0.30133041945400646,1625,33,P3,real,mean_same_channel
0.6331875322514482,0.02440410740953213,25.945941051059627,0.0,0.41674530763000384,943,26,P3,pseudo,mean_same_channel
0.49700996736720965,0.019990895162726546,24.861816508041894,0.0,0.2763042344444529,1625,33,P4,real,mean_same_channel
0.5291277543966606,0.027802833034370672,19.031433010533043,0.0,0.27810169826121034,943,26,P4,pseudo,mean_same_channel
0.5044205454565317,0.022141173709192448,22.782014724319207,0.0,0.2422411310593099,1625,33,P7,real,mean_same_channel
0.6355508856739169,0.030678497689879104,20.716493098799504,0.0,0.3138731545695401,943,26,P7,pseudo,mean_same_channel
0.5073163637455469,0.022327337687101854,22.721758001564847,0.0,0.24127474968867424,1625,33,P8,real,mean_same_channel
0.5239820790766421,0.031104730526786584,16.845736008720678,0.0,0.23134349590314318,943,26,P8,pseudo,mean_same_channel
0.4572883687107196,0.0225460140596569,20.28244848516157,0.0,0.2022861240905519,1625,33,P9,real,mean_same_channel
0.515710622111447,0.030355747998358107,16.9888952214039,0.0,0.23567594158133887,943,26,P9,pseudo,mean_same_channel
0.5583254234667401,0.021188178822264907,26.350798157321666,0.0,0.3001282701377137,1625,33,PO3,real,mean_same_channel
0.6553460917078366,0.02841741548805356,23.06142484996,0.0,0.3621310787992093,943,26,PO3,pseudo,mean_same_channel
0.5578943864277848,0.020787775701870754,26.837618147745275,0.0,0.30746273332408675,1625,33,PO4,real,mean_same_channel
0.5147507933591441,0.026093262026560097,19.727345428685148,0.0,0.2917768599362676,943,26,PO4,pseudo,mean_same_channel
0.5192044002700388,0.02166557592720326,23.964486428358757,0.0,0.2663069252985637,1625,33,PO7,real,mean_same_channel
0.6048716071618023,0.026268730535965745,23.026297610143146,0.0,0.3614227198852339,943,26,PO7,pseudo,mean_same_channel
0.5066280316773296,0.02162169707820109,23.43146469238578,0.0,0.2536620023601687,1625,33,PO8,real,mean_same_channel
0.5203246708346297,0.028597503025593198,18.19475883502723,0.0,0.2599896773428621,943,26,PO8,pseudo,mean_same_channel
0.5820951721553073,0.022700404911837935,25.642501726995757,0.0,0.2874569899077011,1625,33,Pz,real,mean_same_channel
0.5824015045156935,0.024865411267149546,23.42215450444296,0.0,0.3701534380310829,943,26,Pz,pseudo,mean_same_channel
0.42637429131271043,0.021255423906065135,20.05955247926373,0.0,0.1984829330070301,1625,33,VEOG_lower,real,mean_same_channel
0.4648095565642198,0.025173091524337114,18.464540047250303,0.0,0.27210392450176063,943,26,VEOG_lower,pseudo,mean_same_channel
0.05455557168129241,0.02716578300375906,2.008245875841064,0.04461717022812106,0.002476118533373164,1625,33,C3,real,perm_entropy_to_Pz
0.049508849503507014,0.025877547677101567,1.9131971128514713,0.0557228230003286,0.0022555447474937617,1625,33,C3,real,hjorth_mob_to_Pz
0.0290942701361034,0.035197959264447395,0.8265896871325383,0.40846966462315204,0.0007236126292136264,943,26,C3,pseudo,perm_entropy_to_Pz
0.01702754508076772,0.03372353554147582,0.5049157749141078,0.6136179938825612,0.0002702751353678364,943,26,C3,pseudo,hjorth_mob_to_Pz
0.07385408915828343,0.02632430132331427,2.805547932733703,0.005023110977111056,0.0048209546149775954,1625,33,C4,real,perm_entropy_to_Pz
0.08245710041609199,0.025841727416835193,3.1908509476178977,0.0014185444208552056,0.006229098727054695,1625,33,C4,real,hjorth_mob_to_Pz
0.030909999295946126,0.03518679093908572,0.8784546266085065,0.37969705067449255,0.0008159652904007258,943,26,C4,pseudo,perm_entropy_to_Pz
0.038096162382491194,0.03565680558747987,1.068412095666468,0.285334663246676,0.0012089034380234824,943,26,C4,pseudo,hjorth_mob_to_Pz
0.049098155222164284,0.027595121612077472,1.779233152597365,0.07520154521089717,0.0019459435959223294,1625,33,C5,real,perm_entropy_to_Pz
0.025722910769219766,0.02693662610958827,0.9549418202773184,0.33960711949377553,0.0005616712761598713,1625,33,C5,real,hjorth_mob_to_Pz
0.03043676936525117,0.03456705754797608,0.8805137470265605,0.3785810613478202,0.0008203332619365418,943,26,C5,pseudo,perm_entropy_to_Pz
0.022978613970082964,0.03534421293765121,0.650137945089293,0.5156031207046703,0.00044757240592437476,943,26,C5,pseudo,hjorth_mob_to_Pz
0.07191956508136807,0.028905668494275262,2.4880782499671876,0.012843547062144411,0.0037979057619490168,1625,33,C6,real,perm_entropy_to_Pz
0.07270325822133872,0.024739909376778856,2.938703497821976,0.0032958821144515316,0.0052935115604117134,1625,33,C6,real,hjorth_mob_to_Pz
0.008264881386082328,0.034565532673428385,0.23910759496079753,0.8110221526453463,6.062450910105765e-05,943,26,C6,pseudo,perm_entropy_to_Pz
0.0776767758162583,0.034415579565064164,2.2570236154067067,0.024006599179687615,0.005369429703427727,943,26,C6,pseudo,hjorth_mob_to_Pz
0.04413340919260632,0.02600001007707453,1.697438157207519,0.0896138537363862,0.0017710419968363458,1625,33,CPz,real,perm_entropy_to_Pz
0.045391261967501866,0.026088093964816747,1.7399225113462868,0.08187262527354533,0.001859675749185267,1625,33,CPz,real,hjorth_mob_to_Pz
-0.01678181231129149,0.035481067881632876,-0.4729793468245289,0.6362279140680318,0.0002371731820107733,943,26,CPz,pseudo,perm_entropy_to_Pz
0.032785694943946904,0.0370349838565734,0.8852628388044435,0.3760148876233167,0.0008303585213343652,943,26,CPz,pseudo,hjorth_mob_to_Pz
0.018710285551116042,0.0283720145512494,0.6594627081315982,0.5095986854929029,0.000268212582042003,1625,33,Cz,real,perm_entropy_to_Pz
0.06111389677903049,0.026068613368388036,2.3443478145692214,0.019060387338541984,0.003371128295841587,1625,33,Cz,real,hjorth_mob_to_Pz
0.07105005288416284,0.03292611333969222,2.15786333938517,0.030938458551257986,0.004901055335433734,943,26,Cz,pseudo,perm_entropy_to_Pz
0.040272943546066906,0.035131244557300705,1.146356869890557,0.2516475208394102,0.0013891901745190836,943,26,Cz,pseudo,hjorth_mob_to_Pz
0.07307940754075394,0.026582064522893644,2.7491998402838402,0.0059740950961453265,0.004630888255628944,1625,33,F3,real,perm_entropy_to_Pz
0.062410840526971864,0.026807934825039934,2.3280734205857985,0.019908205387029865,0.0033276587222755786,1625,33,F3,real,hjorth_mob_to_Pz
0.050969950483288055,0.031043087371494818,1.6419098356206345,0.10060869121436,0.002850311814143951,943,26,F3,pseudo,perm_entropy_to_Pz
0.054927318337120314,0.036123857997170244,1.5205274680634342,0.12837846060795677,0.002441656263848125,943,26,F3,pseudo,hjorth_mob_to_Pz
0.07301833627605445,0.025193576370063114,2.898291818656611,0.0037520130532764373,0.0051455707550211,1625,33,F4,real,perm_entropy_to_Pz
0.05872864236214825,0.026033039018368658,2.2559272592304684,0.02407518703931455,0.003129154502816444,1625,33,F4,real,hjorth_mob_to_Pz
0.025906461537185677,0.036063813277660534,0.7183505897650941,0.4725411443948253,0.0005457665454438879,943,26,F4,pseudo,perm_entropy_to_Pz
0.05916155766552365,0.03780498684255204,1.5649141186562552,0.11760304774094621,0.002589092650122626,943,26,F4,pseudo,hjorth_mob_to_Pz
0.048528275003242985,0.02610786017807664,1.8587611038300746,0.06306100802979375,0.0021220460985741157,1625,33,F7,real,perm_entropy_to_Pz
0.02620523715079819,0.02523869498722608,1.0382960435973927,0.29913225007543187,0.0006640783288114475,1625,33,F7,real,hjorth_mob_to_Pz
0.04846654858336364,0.03333027189710498,1.4541300092896443,0.14591026501856996,0.002236752965195874,943,26,F7,pseudo,perm_entropy_to_Pz
0.029432628212126864,0.03626162368210657,0.8116743053249019,0.41697854186897,0.0006980543375549045,943,26,F7,pseudo,hjorth_mob_to_Pz
0.06401938532073803,0.026650717985706094,2.4021636248252047,0.016298416369931568,0.003539791812951737,1625,33,F8,real,perm_entropy_to_Pz
0.06617093568377477,0.028286990550953805,2.3392709650247174,0.01932141438641488,0.003361455952045399,1625,33,F8,real,hjorth_mob_to_Pz
0.08818595300681707,0.03596511623532752,2.451985763921833,0.014207028254743514,0.006327873748266494,943,26,F8,pseudo,perm_entropy_to_Pz
0.043018246165712475,0.03637390179261198,1.1826679032396257,0.2369407895244371,0.0014768379377359379,943,26,F8,pseudo,hjorth_mob_to_Pz
0.021391401936139594,0.026869133432424534,0.7961329303730114,0.42595477564675477,0.00039057172929493633,1625,33,FC3,real,perm_entropy_to_Pz
0.0679827693447467,0.026287237835893124,2.586151111392984,0.009705437042964116,0.004137527899066661,1625,33,FC3,real,hjorth_mob_to_Pz
0.033161048016855425,0.03602055503373057,0.9206145764773078,0.357251689196491,0.0008979251997644298,943,26,FC3,pseudo,perm_entropy_to_Pz
0.02180097537125091,0.03514213132134037,0.6203657704167781,0.5350170027375503,0.0004075225712090217,943,26,FC3,pseudo,hjorth_mob_to_Pz
0.05287672586852514,0.02642378699774571,2.00110324356748,0.0453812648806744,0.002459667848712088,1625,33,FC4,real,perm_entropy_to_Pz
0.08359335235901302,0.026825263047694198,3.1162174331855583,0.0018318714699028238,0.005940620611560003,1625,33,FC4,real,hjorth_mob_to_Pz
0.029962881429717314,0.0387229891447619,0.7737750130214424,0.43906385126795144,0.0006344145978214183,943,26,FC4,pseudo,perm_entropy_to_Pz
0.07358807726155088,0.03766253405423079,1.9538801386967328,0.050715393934629205,0.00403206711262716,943,26,FC4,pseudo,hjorth_mob_to_Pz
0.07169138028119469,0.026470691041791228,2.708330514228368,0.00676226413505332,0.004503256611052816,1625,33,FCz,real,perm_entropy_to_Pz
0.07119755872864066,0.025914470395400513,2.747405509057878,0.006006881482730542,0.004623613399499678,1625,33,FCz,real,hjorth_mob_to_Pz
0.0006794171717840783,0.03338877076683213,0.02034867280765545,0.983765228526212,4.3887587892279814e-07,943,26,FCz,pseudo,perm_entropy_to_Pz
0.07655865172397304,0.03552715056038329,2.1549336357232214,0.031167027815867998,0.004896641974791036,943,26,FCz,pseudo,hjorth_mob_to_Pz
0.015585604819185162,0.026490114329101713,0.5883555135155838,0.5562936911867165,0.00021352662876570496,1625,33,FP1,real,perm_entropy_to_Pz
0.016421081517207434,0.025007101107941285,0.6566567410723483,0.5114016556693293,0.00026538798262421367,1625,33,FP1,real,hjorth_mob_to_Pz
0.01676171795726466,0.032254427108736446,0.5196718546808284,0.6032923069778262,0.0002861171798726859,943,26,FP1,pseudo,perm_entropy_to_Pz
0.020228039152684542,0.033557120941047555,0.6027942381654474,0.5466455802862602,0.00038434176326103425,943,26,FP1,pseudo,hjorth_mob_to_Pz
-0.002484795777033283,0.02700476024069868,-0.09201325080785072,0.9266875116330795,5.213079483900357e-06,1625,33,FP2,real,perm_entropy_to_Pz
0.0442671450947847,0.026803537879237185,1.651541124691429,0.09862813061342246,0.001680004332288007,1625,33,FP2,real,hjorth_mob_to_Pz
0.07844098656610146,0.030872726655806985,2.540785834714964,0.011060364574294379,0.006795861915499768,943,26,FP2,pseudo,perm_entropy_to_Pz
0.036488188475111795,0.034359046389308014,1.0619674382600541,0.28825046766211804,0.00119001632344894,943,26,FP2,pseudo,hjorth_mob_to_Pz
0.08926630830444084,0.026758086912599476,3.3360497182034474,0.0008497796493538434,0.006806560143310275,1625,33,Fz,real,perm_entropy_to_Pz
0.086458369835671,0.025336069173570522,3.4124618638893116,0.0006437893418935747,0.007115590658063121,1625,33,Fz,real,hjorth_mob_to_Pz
0.052709413330495475,0.03635866832015637,1.4497069272824452,0.1471402631757026,0.0022223745879042934,943,26,Fz,pseudo,perm_entropy_to_Pz
0.07014748711855356,0.03656757918035944,1.9182972647046321,0.05507332907126683,0.00388700258913079,943,26,Fz,pseudo,hjorth_mob_to_Pz
0.04771314294070045,0.02624151306266919,1.818231396442475,0.06902877322084988,0.002035259428827368,1625,33,HEOG_left,real,perm_entropy_to_Pz
0.03494202176685097,0.025691400469503845,1.3600668366961068,0.1738087744109611,0.0011377322708855375,1625,33,HEOG_left,real,hjorth_mob_to_Pz
0.03747549611952782,0.03352838626644491,1.1177244207852963,0.2636847094677477,0.0013230649777709533,943,26,HEOG_left,pseudo,perm_entropy_to_Pz
0.04793235466830054,0.033710548306992785,1.421880007165521,0.15506108807996744,0.002138278471438559,943,26,HEOG_left,pseudo,hjorth_mob_to_Pz
0.017902534669707617,0.026220996921974764,0.6827556832785493,0.4947612373432617,0.00028684835384520593,1625,33,HEOG_right,real,perm_entropy_to_Pz
0.03430018899195148,0.02513277970644792,1.3647590673446928,0.1723287878692601,0.001144914225580813,1625,33,HEOG_right,real,hjorth_mob_to_Pz
0.03903607705963695,0.0332254958312932,1.174883205892479,0.2400414453786488,0.001460289746415988,943,26,HEOG_right,pseudo,perm_entropy_to_Pz
0.02729034952268867,0.036893546950580516,0.7397052270209887,0.4594788757621102,0.0005779383896788766,943,26,HEOG_right,pseudo,hjorth_mob_to_Pz
0.04770961301997658,0.024759925773717002,1.9268883701832815,0.05399354316131033,0.002280265833337005,1625,33,O1,real,perm_entropy_to_Pz
0.040185443731213535,0.027321893258568788,1.470814754706299,0.14134122109312353,0.0013297600905265996,1625,33,O1,real,hjorth_mob_to_Pz
0.020728564115963032,0.036248671257928966,0.5718434192654415,0.5674280588594569,0.0003464809168365744,943,26,O1,pseudo,perm_entropy_to_Pz
0.030682924865120417,0.036124039522927455,0.8493769044197387,0.39567160028505155,0.0007628055188821449,943,26,O1,pseudo,hjorth_mob_to_Pz
-0.010605373170812058,0.025834192373475773,-0.41051692336628653,0.6814267917185461,0.00010384022199401896,1625,33,O2,real,perm_entropy_to_Pz
0.0064952539606514615,0.02660537299048876,0.24413316674693758,0.8071276861900807,3.685579548361598e-05,1625,33,O2,real,hjorth_mob_to_Pz
-0.04484078625640936,0.035912266280970384,-1.248620343410912,0.21180396803162083,0.001647960831083435,943,26,O2,pseudo,perm_entropy_to_Pz
0.03874585315559647,0.033783356831349774,1.1468917475850615,0.2514263637831846,0.001389227015137849,943,26,O2,pseudo,hjorth_mob_to_Pz
0.02258376173016055,0.027001224624856286,0.8363976835839813,0.40293121531476705,0.00043034407695595673,1625,33,Oz,real,perm_entropy_to_Pz
-0.004399350029930793,0.026325319103920046,-0.16711478453743397,0.8672797332217028,1.740552272265824e-05,1625,33,Oz,real,hjorth_mob_to_Pz
0.0060312150089340075,0.03403817007588786,0.17718975478080803,0.859359342836503,3.328557413654854e-05,943,26,Oz,pseudo,perm_entropy_to_Pz
0.012918646697745794,0.0338717982643066,0.3813983124527285,0.7029077130275698,0.00015423310416359,943,26,Oz,pseudo,hjorth_mob_to_Pz
-0.0022457119836444307,0.027122416974272825,-0.0827991098940267,0.9340112769005906,4.231739463014724e-06,1625,33,P10,real,perm_entropy_to_Pz
0.06510610292673837,0.02632502394677017,2.4731640532743473,0.013392265033757456,0.0037509230036748466,1625,33,P10,real,hjorth_mob_to_Pz
0.0024319674556784487,0.03482294122708278,0.06983808288390755,0.9443225354048641,5.172143935126354e-06,943,26,P10,pseudo,perm_entropy_to_Pz
0.061382525076475736,0.03629380618872564,1.6912672304825305,0.09078577571215907,0.0030230486586237783,943,26,P10,pseudo,hjorth_mob_to_Pz
0.008581726961067647,0.02511894513264854,0.34164360468758226,0.7326191177771098,7.182299507432074e-05,1625,33,P3,real,perm_entropy_to_Pz
0.03191361643832795,0.026570520945787456,1.201091107827436,0.22971586197522997,0.0008869792616868689,1625,33,P3,real,hjorth_mob_to_Pz
0.07159020931080885,0.03386275157071772,2.1141285332735738,0.03450429075378891,0.004713840523019444,943,26,P3,pseudo,perm_entropy_to_Pz
0.008216261872162754,0.03814270668367806,0.21540846433110208,0.8294488713215575,4.914306781684526e-05,943,26,P3,pseudo,hjorth_mob_to_Pz
0.0033920640799010057,0.025811159717547688,0.13141850722789936,0.895444248981107,1.0646377694473608e-05,1625,33,P4,real,perm_entropy_to_Pz
0.015255631283980045,0.02547979309411231,0.5987345041473359,0.549349944253366,0.00022148049615753249,1625,33,P4,real,hjorth_mob_to_Pz
-0.023015112269321104,0.03570694855480615,-0.6445555613355058,0.5192152407305854,0.00043940868062356734,943,26,P4,pseudo,perm_entropy_to_Pz
0.01911187925275248,0.03646625890031425,0.5240976132209653,0.6002106485551146,0.00029080142227093267,943,26,P4,pseudo,hjorth_mob_to_Pz
-0.004708905616292409,0.024996876162871925,-0.18837976335965478,0.8505789622013085,2.1843519657139457e-05,1625,33,P7,real,perm_entropy_to_Pz
0.04318848045463196,0.02712196627906635,1.5923801397823536,0.11129931591118014,0.0015581535447183239,1625,33,P7,real,hjorth_mob_to_Pz
0.020037827165152282,0.032423340576985815,0.6180062513168427,0.5365712178593047,0.0004048085487232777,943,26,P7,pseudo,perm_entropy_to_Pz
0.03995548714345459,0.03491489571788686,1.144367935860265,0.25247107992206264,0.0013845424352078761,943,26,P7,pseudo,hjorth_mob_to_Pz
0.0157637834207264,0.02672973030149624,0.5897471932159375,0.5553601504877297,0.00021404588039236505,1625,33,P8,real,perm_entropy_to_Pz
0.0510057939020564,0.02596410271449551,1.9644735835057514,0.04947519682276691,0.0023810190635379265,1625,33,P8,real,hjorth_mob_to_Pz
0.026315329008166147,0.03682259760496293,0.7146516193800347,0.4748243398110299,0.0005406609350654096,943,26,P8,pseudo,perm_entropy_to_Pz
0.060919464473600075,0.036368354230107224,1.6750679474840913,0.09392090089871452,0.0029652001542427335,943,26,P8,pseudo,hjorth_mob_to_Pz
0.027365966422518567,0.024749602908621004,1.1057133532023744,0.2688506084849771,0.0007518089390328135,1625,33,P9,real,perm_entropy_to_Pz
0.05381055923239955,0.02779279380345937,1.9361335032716915,0.05285135212040215,0.0023025936932505177,1625,33,P9,real,hjorth_mob_to_Pz
0.03954482453471713,0.03452264932610276,1.145474791380425,0.25201253209044383,0.0013837968228126816,943,26,P9,pseudo,perm_entropy_to_Pz
0.05137941641990388,0.038181178861731675,1.345673914521287,0.17840770252253435,0.0019166049476212104,943,26,P9,pseudo,hjorth_mob_to_Pz
-0.01314256951911008,0.024580529938263294,-0.5346739696873537,0.5928753242616609,0.0001760435895144223,1625,33,PO3,real,perm_entropy_to_Pz
-0.0015172728115221495,0.027892835402334216,-0.054396506831828804,0.9566192618806135,1.8209986363454937e-06,1625,33,PO3,real,hjorth_mob_to_Pz
-0.024962201111785997,0.030569788743116666,-0.8165643970113036,0.4141774082323044,0.0007064075875965193,943,26,PO3,pseudo,perm_entropy_to_Pz
0.006717921634482174,0.03782392103795332,0.1776103970749429,0.8590289586887212,3.341111632110123e-05,943,26,PO3,pseudo,hjorth_mob_to_Pz
0.007144966018286052,0.025689196249479376,0.2781311625672545,0.7809116748496681,4.761197989878833e-05,1625,33,PO4,real,perm_entropy_to_Pz
-0.020658703966367237,0.027886098169343346,-0.7408244724992913,0.4587998747235882,0.0003378346401804043,1625,33,PO4,real,hjorth_mob_to_Pz
-0.00859960462598365,0.03511205905172149,-0.2449188358141026,0.8065192769120528,6.353326591183788e-05,943,26,PO4,pseudo,perm_entropy_to_Pz
0.007303028816058657,0.03574666275802343,0.20429959757346786,0.8381193844303307,4.421071058978675e-05,943,26,PO4,pseudo,hjorth_mob_to_Pz
0.027476250619413937,0.024494155814160673,1.1217471966733077,0.2619699430675293,0.0007754117132539145,1625,33,PO7,real,perm_entropy_to_Pz
0.04540674236049214,0.02686491879949655,1.6901872177385129,0.09099214301086933,0.0017614949049932329,1625,33,PO7,real,hjorth_mob_to_Pz
-0.014404393149689783,0.03699693171423392,-0.38934020964089694,0.6970244951918771,0.0001607153913920084,943,26,PO7,pseudo,perm_entropy_to_Pz
0.059656621112431196,0.03647697266992264,1.635459763951889,0.10195270281622792,0.002825123662625974,943,26,PO7,pseudo,hjorth_mob_to_Pz
-0.04006170493413195,0.026134043096712658,-1.5329317697180662,0.12529266711195386,0.0014443552571799113,1625,33,PO8,real,perm_entropy_to_Pz
-0.005354185887086079,0.026028641908920572,-0.20570362087355334,0.8370224300004607,2.617441234381882e-05,1625,33,PO8,real,hjorth_mob_to_Pz
-0.02381634394931544,0.03276536723388766,-0.7268755384094497,0.4673022033917229,0.0005598648640559433,943,26,PO8,pseudo,perm_entropy_to_Pz
-0.0018382843732622541,0.035285514163367004,-0.05209742345686828,0.9584510659636589,2.877286770692037e-06,943,26,PO8,pseudo,hjorth_mob_to_Pz
0.0026058965399450166,0.026392235228876862,0.09873724288020118,0.9213468977895414,5.999687067485295e-06,1625,33,Pz,real,perm_entropy_to_Pz
0.02384190082699036,0.026334384888320083,0.905352486040591,0.3652786788647244,0.0005048927253272582,1625,33,Pz,real,hjorth_mob_to_Pz
0.08075433460680186,0.03300542447998398,2.4466988647813035,0.014417123875164695,0.00630426384489702,943,26,Pz,pseudo,perm_entropy_to_Pz
0.038380247333124146,0.03781021150590396,1.015076240108606,0.3100694865572964,0.0010899163617754041,943,26,Pz,pseudo,hjorth_mob_to_Pz
0.02420597840429258,0.0260584528005651,0.9289108063916847,0.35293531217160234,0.0005315615243739458,1625,33,VEOG_lower,real,perm_entropy_to_Pz
0.004163084902909663,0.02549732250661627,0.16327537535870243,0.8703016213308776,1.640553753436736e-05,1625,33,VEOG_lower,real,hjorth_mob_to_Pz
0.04444492645450706,0.032793485587953426,1.355297421352299,0.1753228162552336,0.0019440699567930928,943,26,VEOG_lower,pseudo,perm_entropy_to_Pz
0.03242100294396298,0.03749911643276996,0.8645804495710923,0.38726910686687877,0.0007902100043885009,943,26,VEOG_lower,pseudo,hjorth_mob_to_Pz
