dataset,config,model,subject,real_slope,pseudo_mean,d,n_pseudo_draws,used
erp_core,config4,M1_RMS_Fz_0_150,sub-001,0.01624773716112665,-0.13854988698290316,0.1547976241440298,1000,True
erp_core,config4,M1_RMS_Fz_0_150,sub-002,-0.16922973571869754,0.02559652339544006,-0.1948262591141376,1000,True
erp_core,config4,M1_RMS_Fz_0_150,sub-003,-0.3324391947193632,0.007887953422655497,-0.3403271481420187,3,False
erp_core,config4,M1_RMS_Fz_0_150,sub-005,0.24289474351562257,,,0,False
erp_core,config4,M1_RMS_Fz_0_150,sub-006,-0.35832164842785524,-0.021732234692832943,-0.3365894137350223,890,True
erp_core,config4,M1_RMS_Fz_0_150,sub-007,-0.22225981215631813,0.0625221454726248,-0.2847819576289429,531,True
erp_core,config4,M1_RMS_Fz_0_150,sub-010,-0.12745826677406907,-0.027494372216302656,-0.09996389455776641,622,True
erp_core,config4,M1_RMS_Fz_0_150,sub-011,-0.14029130357360833,-0.0521724207865011,-0.08811888278710724,1000,True
erp_core,config4,M1_RMS_Fz_0_150,sub-012,-0.026075582453805243,-0.07261137995390607,0.046535797500100826,1000,True
erp_core,config4,M1_RMS_Fz_0_150,sub-013,-0.12104471055121202,-0.1934550239191678,0.07241031336795578,1000,True
erp_core,config4,M1_RMS_Fz_0_150,sub-014,0.0780453611875758,-0.130580405069976,0.2086257662575518,998,True
erp_core,config4,M1_RMS_Fz_0_150,sub-015,-0.044374850761970265,-0.02024924996518844,-0.024125600796781825,1000,True
erp_core,config4,M1_RMS_Fz_0_150,sub-016,-0.42280350585969745,-0.18389167134686774,-0.2389118345128297,1000,True
erp_core,config4,M1_RMS_Fz_0_150,sub-017,-0.04437912468365729,-0.00017557534692741063,-0.04420354933672988,1000,True
erp_core,config4,M1_RMS_Fz_0_150,sub-019,0.03018372687331147,-0.03190790627266979,0.06209163314598126,1000,True
erp_core,config4,M1_RMS_Fz_0_150,sub-020,-0.006245209819930661,0.14522764314836611,-0.15147285296829677,1000,True
erp_core,config4,M1_RMS_Fz_0_150,sub-021,0.06260856607464423,-0.004629903798997095,0.06723846987364132,990,True
erp_core,config4,M1_RMS_Fz_0_150,sub-022,-0.15615401239266102,0.06909997387120888,-0.2252539862638699,1000,True
erp_core,config4,M1_RMS_Fz_0_150,sub-024,-0.1670021018923597,-0.0784134986433268,-0.0885886032490329,1000,True
erp_core,config4,M1_RMS_Fz_0_150,sub-025,-0.4221647299812685,-0.07458719078898322,-0.3475775391922853,960,True
erp_core,config4,M1_RMS_Fz_0_150,sub-026,-0.19627721199292147,-0.194486752259377,-0.0017904597335444694,999,True
erp_core,config4,M1_RMS_Fz_0_150,sub-027,0.020235885348242152,-0.07269769088130842,0.09293357622955058,1000,True
erp_core,config4,M1_RMS_Fz_0_150,sub-028,0.09213534702382933,-0.04105296137845862,0.13318830840228796,999,True
erp_core,config4,M1_RMS_Fz_0_150,sub-029,-0.06442901738049074,-0.15180997674528302,0.08738095936479227,1000,True
erp_core,config4,M1_RMS_Fz_0_150,sub-030,-0.5092185720505308,,,0,False
erp_core,config4,M1_RMS_Fz_0_150,sub-031,0.15032646720082277,-0.03616545517630278,0.18649192237712553,859,True
erp_core,config4,M1_RMS_Fz_0_150,sub-033,-0.01867939132299662,-0.056543936988747816,0.0378645456657512,1000,True
erp_core,config4,M1_RMS_Fz_0_150,sub-034,-0.1719475041506791,0.06210271359262622,-0.23405021774330534,1000,True
erp_core,config4,M1_RMS_Fz_0_150,sub-035,0.16837342671989097,0.061487739646207545,0.10688568707368343,848,True
erp_core,config4,M1_RMS_Fz_0_150,sub-037,-0.34366545311961566,0.06657944775877787,-0.41024490087839355,7,False
erp_core,config4,M1_RMS_Fz_0_150,sub-038,-0.015734356902856194,0.008681994584007442,-0.024416351486863636,1000,True
erp_core,config4,M1_RMS_Fz_0_150,sub-039,-0.067837002466386,,,0,False
erp_core,config4,M1_RMS_Fz_0_150,sub-040,-0.011999341667709242,0.0831428505457178,-0.09514219221342704,749,True
erp_core,config4,M4a_mean_Fz,sub-001,0.14475838340395053,0.35771762239873117,-0.21295923899478064,1000,True
erp_core,config4,M4a_mean_Fz,sub-002,0.09300383726891523,0.1118659192655571,-0.01886208199664187,1000,True
erp_core,config4,M4a_mean_Fz,sub-003,0.3618035155333666,-0.2614765156096091,0.6232800311429757,3,False
erp_core,config4,M4a_mean_Fz,sub-005,0.3383172795128465,,,0,False
erp_core,config4,M4a_mean_Fz,sub-006,0.20684953833103378,-0.07658280147063122,0.283432339801665,890,True
erp_core,config4,M4a_mean_Fz,sub-007,0.1853917664146223,0.08900082903634099,0.0963909373782813,531,True
erp_core,config4,M4a_mean_Fz,sub-010,0.09329689386431238,0.17238766985508094,-0.07909077599076857,622,True
erp_core,config4,M4a_mean_Fz,sub-011,0.11890182729903417,0.18182219633913466,-0.06292036904010048,1000,True
erp_core,config4,M4a_mean_Fz,sub-012,0.07431045556943995,0.195679134008795,-0.12136867843935505,1000,True
erp_core,config4,M4a_mean_Fz,sub-013,0.16259808794383573,0.16668494325776192,-0.004086855313926191,1000,True
erp_core,config4,M4a_mean_Fz,sub-014,0.030499672354842813,0.24750318568049537,-0.21700351332565254,998,True
erp_core,config4,M4a_mean_Fz,sub-015,0.026651149894203332,0.09988800001605881,-0.07323685012185548,1000,True
erp_core,config4,M4a_mean_Fz,sub-016,0.5037099311674129,0.2868555121297425,0.21685441903767044,1000,True
erp_core,config4,M4a_mean_Fz,sub-017,0.010165790547420277,0.08260915931304197,-0.07244336876562169,1000,True
erp_core,config4,M4a_mean_Fz,sub-019,0.1282204694981009,0.08319736505482186,0.04502310444327903,1000,True
erp_core,config4,M4a_mean_Fz,sub-020,0.03232634296509236,0.3456295578893523,-0.31330321492425994,1000,True
erp_core,config4,M4a_mean_Fz,sub-021,0.000818332707378998,0.15427966134864302,-0.15346132864126402,990,True
erp_core,config4,M4a_mean_Fz,sub-022,0.08437030050557323,0.2167086443059477,-0.13233834380037446,1000,True
erp_core,config4,M4a_mean_Fz,sub-024,-0.02298264175348864,0.14197917846193814,-0.16496182021542677,1000,True
erp_core,config4,M4a_mean_Fz,sub-025,0.08243512202025292,0.45050145525162744,-0.3680663332313745,960,True
erp_core,config4,M4a_mean_Fz,sub-026,-0.1654869638832647,0.2003885838892068,-0.3658755477724715,999,True
erp_core,config4,M4a_mean_Fz,sub-027,0.268920275485065,0.2097282930596825,0.05919198242538248,1000,True
erp_core,config4,M4a_mean_Fz,sub-028,0.20252475321047134,0.32733884185803697,-0.12481408864756563,999,True
erp_core,config4,M4a_mean_Fz,sub-029,0.12499054257870525,0.38900110764851253,-0.2640105650698073,1000,True
erp_core,config4,M4a_mean_Fz,sub-030,1.6600505886186947,,,0,False
erp_core,config4,M4a_mean_Fz,sub-031,0.1499284753107819,0.19659530983755655,-0.04666683452677464,859,True
erp_core,config4,M4a_mean_Fz,sub-033,0.542159275275465,0.3128217095498292,0.22933756572563585,1000,True
erp_core,config4,M4a_mean_Fz,sub-034,0.18900740294276605,0.19769100417864474,-0.00868360123587869,1000,True
erp_core,config4,M4a_mean_Fz,sub-035,0.40209964719502056,-0.008631479818978162,0.4107311270139987,848,True
erp_core,config4,M4a_mean_Fz,sub-037,0.2214342369450973,0.1078321444578431,0.11360209248725421,7,False
erp_core,config4,M4a_mean_Fz,sub-038,0.16030564350861903,0.23734713554688172,-0.07704149203826269,1000,True
erp_core,config4,M4a_mean_Fz,sub-039,0.6629088139138312,,,0,False
erp_core,config4,M4a_mean_Fz,sub-040,0.13511328699743652,0.3582200350787993,-0.22310674808136277,749,True
erp_core,config4,M8_RMS_Pz_0_150,sub-001,-0.2467786017690134,-0.06925917994684298,-0.1775194218221704,1000,True
erp_core,config4,M8_RMS_Pz_0_150,sub-002,0.12986904193914822,0.027532740215667217,0.102336301723481,1000,True
erp_core,config4,M8_RMS_Pz_0_150,sub-003,-0.3486495213497124,-0.21787293226311877,-0.13077658908659362,3,False
erp_core,config4,M8_RMS_Pz_0_150,sub-005,-0.04766587880179902,,,0,False
erp_core,config4,M8_RMS_Pz_0_150,sub-006,0.019610543021926007,-0.10602179040335656,0.12563233342528257,890,True
erp_core,config4,M8_RMS_Pz_0_150,sub-007,0.01171286905930345,0.03587456245649259,-0.02416169339718914,531,True
erp_core,config4,M8_RMS_Pz_0_150,sub-010,-0.0674879855774975,0.045443218329410694,-0.1129312039069082,622,True
erp_core,config4,M8_RMS_Pz_0_150,sub-011,-0.24359335989292463,-0.09195215981220403,-0.1516412000807206,1000,True
erp_core,config4,M8_RMS_Pz_0_150,sub-012,-0.15395391487227444,-0.05240876785550994,-0.10154514701676451,1000,True
erp_core,config4,M8_RMS_Pz_0_150,sub-013,-0.21178810487870886,-0.12040658897848684,-0.09138151590022202,1000,True
erp_core,config4,M8_RMS_Pz_0_150,sub-014,0.39227467637881325,-0.07881386180220178,0.47108853818101504,998,True
erp_core,config4,M8_RMS_Pz_0_150,sub-015,-0.2828927956365399,-0.02662297068415992,-0.25626982495238,1000,True
erp_core,config4,M8_RMS_Pz_0_150,sub-016,-0.2987473102339672,-0.181453114889904,-0.11729419534406321,1000,True
erp_core,config4,M8_RMS_Pz_0_150,sub-017,0.015159992621716255,0.1596375756845899,-0.14447758306287364,1000,True
erp_core,config4,M8_RMS_Pz_0_150,sub-019,-0.22542452975315524,0.04570403975852666,-0.2711285695116819,1000,True
erp_core,config4,M8_RMS_Pz_0_150,sub-020,0.02777518688061255,0.12272306753556267,-0.09494788065495012,1000,True
erp_core,config4,M8_RMS_Pz_0_150,sub-021,-0.2650062139690554,-0.05756411413755752,-0.20744209983149786,990,True
erp_core,config4,M8_RMS_Pz_0_150,sub-022,-0.28502151259193287,0.13263697516783515,-0.417658487759768,1000,True
erp_core,config4,M8_RMS_Pz_0_150,sub-024,-0.10434329156135902,0.08454098350862177,-0.1888842750699808,1000,True
erp_core,config4,M8_RMS_Pz_0_150,sub-025,-0.11124548848427807,-0.06308339726282952,-0.048162091221448544,960,True
erp_core,config4,M8_RMS_Pz_0_150,sub-026,-0.48238338873079223,0.017892439124411134,-0.5002758278552034,999,True
erp_core,config4,M8_RMS_Pz_0_150,sub-027,-0.09778711035756212,-0.17347407633837295,0.07568696598081083,1000,True
erp_core,config4,M8_RMS_Pz_0_150,sub-028,-0.039901499738354676,-0.03341567561802258,-0.006485824120332093,999,True
erp_core,config4,M8_RMS_Pz_0_150,sub-029,-0.2561763776414375,-0.022047310525977415,-0.2341290671154601,1000,True
erp_core,config4,M8_RMS_Pz_0_150,sub-030,-0.22484281817196144,,,0,False
erp_core,config4,M8_RMS_Pz_0_150,sub-031,-0.09978880659477773,0.06809206507962841,-0.16788087167440613,859,True
erp_core,config4,M8_RMS_Pz_0_150,sub-033,0.03236680728296907,0.12852545307089167,-0.0961586457879226,1000,True
erp_core,config4,M8_RMS_Pz_0_150,sub-034,-0.16655410761062842,-0.03080961547887725,-0.13574449213175116,1000,True
erp_core,config4,M8_RMS_Pz_0_150,sub-035,0.3701000006475427,0.06498971883596709,0.3051102818115756,848,True
erp_core,config4,M8_RMS_Pz_0_150,sub-037,0.0704859131196047,-0.17532218881753128,0.24580810193713598,7,False
erp_core,config4,M8_RMS_Pz_0_150,sub-038,-0.22609728250608022,0.11255718571371136,-0.33865446821979156,1000,True
erp_core,config4,M8_RMS_Pz_0_150,sub-039,-0.43588852733385536,,,0,False
erp_core,config4,M8_RMS_Pz_0_150,sub-040,0.18738696866321888,0.20791274659939107,-0.02052577793617219,749,True
erp_core,config4,M9a_mean_Pz,sub-001,0.5281117869875063,0.5969743128615957,-0.06886252587408948,1000,True
erp_core,config4,M9a_mean_Pz,sub-002,0.532089306690638,0.524428880415318,0.0076604262753200425,1000,True
erp_core,config4,M9a_mean_Pz,sub-003,0.681073468694868,0.42844085189285747,0.2526326168020105,3,False
erp_core,config4,M9a_mean_Pz,sub-005,0.36665714421948264,,,0,False
erp_core,config4,M9a_mean_Pz,sub-006,0.7823149461654227,0.5370939421818852,0.24522100398353752,890,True
erp_core,config4,M9a_mean_Pz,sub-007,0.6529937472105108,0.6325517967511187,0.020441950459392122,531,True
erp_core,config4,M9a_mean_Pz,sub-010,0.4794208349173874,0.5251142964216443,-0.045693461504256905,622,True
erp_core,config4,M9a_mean_Pz,sub-011,0.40314543276227216,0.5259656402477224,-0.12282020748545025,1000,True
erp_core,config4,M9a_mean_Pz,sub-012,0.5957360429402727,0.4692284469780402,0.1265075959622325,1000,True
erp_core,config4,M9a_mean_Pz,sub-013,0.39166035122790394,0.5307469633936348,-0.13908661216573087,1000,True
erp_core,config4,M9a_mean_Pz,sub-014,0.6298407546514352,0.6871985526853379,-0.05735779803390273,998,True
erp_core,config4,M9a_mean_Pz,sub-015,0.7143751558531062,0.5830500164036393,0.1313251394494669,1000,True
erp_core,config4,M9a_mean_Pz,sub-016,0.4537023551681149,0.49239571625391315,-0.03869336108579824,1000,True
erp_core,config4,M9a_mean_Pz,sub-017,0.5675910169780176,0.7466017876884818,-0.17901077071046423,1000,True
erp_core,config4,M9a_mean_Pz,sub-019,0.48816277951056464,0.5328783882002736,-0.04471560868970892,1000,True
erp_core,config4,M9a_mean_Pz,sub-020,0.7560485501148336,0.7768719955108095,-0.020823445395975915,1000,True
erp_core,config4,M9a_mean_Pz,sub-021,0.5164999649163194,0.5831914201419931,-0.06669145522567366,990,True
erp_core,config4,M9a_mean_Pz,sub-022,0.6470947744125706,0.6192821096098421,0.027812664802728482,1000,True
erp_core,config4,M9a_mean_Pz,sub-024,0.5593199103001328,0.5783463219308671,-0.019026411630734263,1000,True
erp_core,config4,M9a_mean_Pz,sub-025,0.4741345658204703,0.6387637382866054,-0.16462917246613507,960,True
erp_core,config4,M9a_mean_Pz,sub-026,0.4842780111804481,0.5850866882879311,-0.10080867710748298,999,True
erp_core,config4,M9a_mean_Pz,sub-027,0.5521510262164988,0.5386895900889235,0.013461436127575332,1000,True
erp_core,config4,M9a_mean_Pz,sub-028,0.9226768957425592,0.6739032948747495,0.24877360086780964,999,True
erp_core,config4,M9a_mean_Pz,sub-029,0.576211157449714,0.6866784847134291,-0.11046732726371511,1000,True
erp_core,config4,M9a_mean_Pz,sub-030,1.100005516964618,,,0,False
erp_core,config4,M9a_mean_Pz,sub-031,0.554536700077056,0.6220298680914208,-0.06749316801436478,859,True
erp_core,config4,M9a_mean_Pz,sub-033,0.7751605259775065,0.5605014646873544,0.2146590612901521,1000,True
erp_core,config4,M9a_mean_Pz,sub-034,0.6333790620030361,0.5493495411087056,0.08402952089433047,1000,True
erp_core,config4,M9a_mean_Pz,sub-035,0.8689280043426194,0.6425519616308939,0.2263760427117255,848,True
erp_core,config4,M9a_mean_Pz,sub-037,0.4612421836005049,0.6358869090454606,-0.17464472544495574,7,False
erp_core,config4,M9a_mean_Pz,sub-038,0.8264482276691871,0.6763080829989544,0.15014014467023273,1000,True
erp_core,config4,M9a_mean_Pz,sub-039,1.4569858030050638,,,0,False
erp_core,config4,M9a_mean_Pz,sub-040,0.5902265613165084,0.7368409426422633,-0.14661438132575488,749,True
erp_core,config4,M13_PE_Fz_0_150,sub-001,-0.14655254595133052,0.05577234055518597,-0.20232488650651648,1000,True
erp_core,config4,M13_PE_Fz_0_150,sub-002,0.21850483062518425,0.0017233890561006624,0.21678144156908358,1000,True
erp_core,config4,M13_PE_Fz_0_150,sub-003,0.39068141501872544,0.014955564605961003,0.37572585041276446,3,False
erp_core,config4,M13_PE_Fz_0_150,sub-005,-0.04899696629396812,,,0,False
erp_core,config4,M13_PE_Fz_0_150,sub-006,-0.3434788679632912,0.015108772058916151,-0.35858764002220733,890,True
erp_core,config4,M13_PE_Fz_0_150,sub-007,0.027100503099346144,-0.029220513227085017,0.05632101632643116,531,True
erp_core,config4,M13_PE_Fz_0_150,sub-010,0.2468121719697472,0.05546795193481743,0.19134422003492976,622,True
erp_core,config4,M13_PE_Fz_0_150,sub-011,0.029750376629948914,-0.06874223977548864,0.09849261640543755,1000,True
erp_core,config4,M13_PE_Fz_0_150,sub-012,0.12063000830189587,-0.028935446562136015,0.1495654548640319,1000,True
erp_core,config4,M13_PE_Fz_0_150,sub-013,0.03338647873111094,0.0005826446279817932,0.03280383410312915,1000,True
erp_core,config4,M13_PE_Fz_0_150,sub-014,-0.2463062084785758,0.09127612800542254,-0.3375823364839983,998,True
erp_core,config4,M13_PE_Fz_0_150,sub-015,0.13485299600274223,-0.0156995815326514,0.15055257753539364,1000,True
erp_core,config4,M13_PE_Fz_0_150,sub-016,0.1490843884051527,0.13948586972879964,0.009598518676353057,1000,True
erp_core,config4,M13_PE_Fz_0_150,sub-017,0.013706544242793599,-0.16193487611981905,0.17564142036261265,1000,True
erp_core,config4,M13_PE_Fz_0_150,sub-019,0.27878803574363614,0.006550715193363424,0.2722373205502727,1000,True
erp_core,config4,M13_PE_Fz_0_150,sub-020,0.22395517061869372,-0.02225296961858944,0.24620814023728316,1000,True
erp_core,config4,M13_PE_Fz_0_150,sub-021,-0.0005569373069164474,0.08175136965024543,-0.08230830695716188,990,True
erp_core,config4,M13_PE_Fz_0_150,sub-022,0.12734306314981822,0.09042164281582424,0.03692142033399398,1000,True
erp_core,config4,M13_PE_Fz_0_150,sub-024,0.23652638619587593,0.04262321930326121,0.19390316689261472,1000,True
erp_core,config4,M13_PE_Fz_0_150,sub-025,0.06073899842966415,-0.015649232589542303,0.07638823101920644,960,True
erp_core,config4,M13_PE_Fz_0_150,sub-026,0.04533270345578557,0.060118874981440196,-0.014786171525654625,999,True
erp_core,config4,M13_PE_Fz_0_150,sub-027,0.2721314989605935,-0.014884032755578041,0.28701553171617156,1000,True
erp_core,config4,M13_PE_Fz_0_150,sub-028,0.060507031906202824,0.06506161588493456,-0.0045545839787317355,999,True
erp_core,config4,M13_PE_Fz_0_150,sub-029,0.07407703569209112,0.006381337196834803,0.06769569849525632,1000,True
erp_core,config4,M13_PE_Fz_0_150,sub-030,-0.03697330762923623,,,0,False
erp_core,config4,M13_PE_Fz_0_150,sub-031,0.23868771902300104,-0.07891306842284022,0.31760078744584125,859,True
erp_core,config4,M13_PE_Fz_0_150,sub-033,0.21918072591162382,0.04628492507934623,0.1728958008322776,1000,True
erp_core,config4,M13_PE_Fz_0_150,sub-034,0.10609411092604083,0.06601589656752666,0.04007821435851418,1000,True
erp_core,config4,M13_PE_Fz_0_150,sub-035,-0.40157648991598793,-0.041972826736329634,-0.3596036631796583,848,True
erp_core,config4,M13_PE_Fz_0_150,sub-037,0.1019358914942083,-0.10178029417350341,0.2037161856677117,7,False
erp_core,config4,M13_PE_Fz_0_150,sub-038,0.010329820848135399,-0.024891768736193153,0.035221589584328555,1000,True
erp_core,config4,M13_PE_Fz_0_150,sub-039,0.365183075879794,,,0,False
erp_core,config4,M13_PE_Fz_0_150,sub-040,0.22112272568498334,0.009634767928866183,0.21148795775611715,749,True
erp_core,config4,M14_SE_Fz_0_150,sub-001,-0.21730978031793408,0.04723185524932917,-0.26454163556726323,1000,True
erp_core,config4,M14_SE_Fz_0_150,sub-002,0.13764768080891787,-0.11404556816723035,0.2516932489761482,1000,True
erp_core,config4,M14_SE_Fz_0_150,sub-003,-0.09381858465008787,-0.22504877801315956,0.13123019336307168,3,False
erp_core,config4,M14_SE_Fz_0_150,sub-005,0.016390512895453766,,,0,False
erp_core,config4,M14_SE_Fz_0_150,sub-006,-0.0032840320270983224,0.05607253174186146,-0.059356563768959786,890,True
erp_core,config4,M14_SE_Fz_0_150,sub-007,0.13105458827302313,-0.05751664305245988,0.188571231325483,531,True
erp_core,config4,M14_SE_Fz_0_150,sub-010,0.2636650528446294,0.006030892336404986,0.2576341605082244,622,True
erp_core,config4,M14_SE_Fz_0_150,sub-011,0.15340491283283605,-0.03583141292982414,0.1892363257626602,1000,True
erp_core,config4,M14_SE_Fz_0_150,sub-012,0.10164954203505848,0.0025110908396982373,0.09913845119536024,1000,True
erp_core,config4,M14_SE_Fz_0_150,sub-013,-0.010966676487338003,0.09043108071193864,-0.10139775719927664,1000,True
erp_core,config4,M14_SE_Fz_0_150,sub-014,-0.23756864468395156,-0.008436238550397497,-0.22913240613355407,998,True
erp_core,config4,M14_SE_Fz_0_150,sub-015,0.019712903547869372,0.012887087425668462,0.006825816122200909,1000,True
erp_core,config4,M14_SE_Fz_0_150,sub-016,0.2593346278074611,0.023144016861969235,0.23619061094549185,1000,True
erp_core,config4,M14_SE_Fz_0_150,sub-017,0.24314840943236182,-0.003281131429279483,0.24642954086164132,1000,True
erp_core,config4,M14_SE_Fz_0_150,sub-019,0.06296259407172135,0.014737294420285178,0.04822529965143617,1000,True
erp_core,config4,M14_SE_Fz_0_150,sub-020,0.1192089852720954,-0.05972928932446714,0.17893827459656253,1000,True
erp_core,config4,M14_SE_Fz_0_150,sub-021,-0.381099182869446,-0.09383197844611128,-0.2872672044233347,990,True
erp_core,config4,M14_SE_Fz_0_150,sub-022,0.19537011905319723,0.1276547837679804,0.06771533528521684,1000,True
erp_core,config4,M14_SE_Fz_0_150,sub-024,0.21114867355890593,0.011037748748212872,0.20011092481069306,1000,True
erp_core,config4,M14_SE_Fz_0_150,sub-025,-0.0223900175032095,0.08337097981211798,-0.10576099731532748,960,True
erp_core,config4,M14_SE_Fz_0_150,sub-026,0.2878133566101741,0.06962096265022417,0.21819239395994994,999,True
erp_core,config4,M14_SE_Fz_0_150,sub-027,0.020742870510962387,0.008725136834240812,0.012017733676721576,1000,True
erp_core,config4,M14_SE_Fz_0_150,sub-028,0.09319754887514116,0.07783178552409462,0.015365763351046544,999,True
erp_core,config4,M14_SE_Fz_0_150,sub-029,-0.10495492817761841,0.05821964804028898,-0.16317457621790737,1000,True
erp_core,config4,M14_SE_Fz_0_150,sub-030,1.2673597905150076,,,0,False
erp_core,config4,M14_SE_Fz_0_150,sub-031,0.2687871025821662,0.003182638824646387,0.26560446375751984,859,True
erp_core,config4,M14_SE_Fz_0_150,sub-033,-0.010117597698681067,0.04174220758676663,-0.0518598052854477,1000,True
erp_core,config4,M14_SE_Fz_0_150,sub-034,0.19729818792799425,-0.06385499804281741,0.26115318597081166,1000,True
erp_core,config4,M14_SE_Fz_0_150,sub-035,-0.43278613341961664,-0.04607930575188717,-0.38670682766772946,848,True
erp_core,config4,M14_SE_Fz_0_150,sub-037,0.682371334471724,-0.02643733988458336,0.7088086743563075,7,False
erp_core,config4,M14_SE_Fz_0_150,sub-038,0.16294562432509577,0.03527594424828174,0.12766968007681403,1000,True
erp_core,config4,M14_SE_Fz_0_150,sub-039,-0.07906665979568411,,,0,False
erp_core,config4,M14_SE_Fz_0_150,sub-040,0.1089033647366304,0.02381613356430427,0.08508723117232612,749,True
erp_core,config4,M15_LZ_Fz_0_150,sub-001,-6.780175257322909,0.1317598206678183,-6.9119350779907265,1000,True
erp_core,config4,M15_LZ_Fz_0_150,sub-002,0.20250426844879688,-0.0793095587738729,0.2818138272226698,1000,True
erp_core,config4,M15_LZ_Fz_0_150,sub-003,-0.1434534336772259,0.24195553363409927,-0.3854089673113252,3,False
erp_core,config4,M15_LZ_Fz_0_150,sub-005,0.2297453949148091,,,0,False
erp_core,config4,M15_LZ_Fz_0_150,sub-006,0.06493385492124068,0.11441261746959633,-0.04947876254835565,890,True
erp_core,config4,M15_LZ_Fz_0_150,sub-007,0.3064916841937537,-0.13565425154946484,0.4421459357432186,531,True
erp_core,config4,M15_LZ_Fz_0_150,sub-010,0.568355025073113,-0.5124665391285912,1.0808215642017043,622,True
erp_core,config4,M15_LZ_Fz_0_150,sub-011,0.028524918547766148,-0.08826715113637575,0.1167920696841419,1000,True
erp_core,config4,M15_LZ_Fz_0_150,sub-012,0.26028248819893784,-0.06724097479779503,0.32752346299673285,1000,True
erp_core,config4,M15_LZ_Fz_0_150,sub-013,0.1666697318626934,0.06472848133430684,0.10194125052838657,1000,True
erp_core,config4,M15_LZ_Fz_0_150,sub-014,0.1701228305836699,0.18091561276294366,-0.010792782179273763,998,True
erp_core,config4,M15_LZ_Fz_0_150,sub-015,-0.05148496599152065,-0.014842137274111582,-0.036642828717409065,1000,True
erp_core,config4,M15_LZ_Fz_0_150,sub-016,-0.004910278742969842,0.07472255311539976,-0.0796328318583696,1000,True
erp_core,config4,M15_LZ_Fz_0_150,sub-017,-0.07016713678771362,0.05693985810629442,-0.12710699489400804,1000,True
erp_core,config4,M15_LZ_Fz_0_150,sub-019,0.21951899642662343,0.030772983199741488,0.18874601322688195,1000,True
erp_core,config4,M15_LZ_Fz_0_150,sub-020,0.2901140230500206,0.09217244545516842,0.19794157759485217,1000,True
erp_core,config4,M15_LZ_Fz_0_150,sub-021,-0.028676570715059822,-0.05041053566248331,0.02173396494742349,990,True
erp_core,config4,M15_LZ_Fz_0_150,sub-022,0.20658057375649957,0.15049306647419286,0.056087507282306714,1000,True
erp_core,config4,M15_LZ_Fz_0_150,sub-024,0.058885134165069346,0.02209361629964347,0.03679151786542588,1000,True
erp_core,config4,M15_LZ_Fz_0_150,sub-025,-0.0032973036609166358,0.4148384475315928,-0.41813575119250945,960,True
erp_core,config4,M15_LZ_Fz_0_150,sub-026,8.339092049050615,0.0634342896802236,8.275657759370391,999,True
erp_core,config4,M15_LZ_Fz_0_150,sub-027,0.22925150074372416,0.08326761705314882,0.14598388369057536,1000,True
erp_core,config4,M15_LZ_Fz_0_150,sub-028,0.32660127709062187,0.0211016920026368,0.3054995850879851,999,True
erp_core,config4,M15_LZ_Fz_0_150,sub-029,0.07390413321218738,0.12079795686734592,-0.04689382365515854,1000,True
erp_core,config4,M15_LZ_Fz_0_150,sub-030,0.11570511983236483,,,0,False
erp_core,config4,M15_LZ_Fz_0_150,sub-031,-0.020914897012697494,-0.19977445249856665,0.17885955548586915,859,True
erp_core,config4,M15_LZ_Fz_0_150,sub-033,-0.3915443301321577,0.11842913784421075,-0.5099734679763684,1000,True
erp_core,config4,M15_LZ_Fz_0_150,sub-034,0.25150913162609223,-0.03586393450885872,0.28737306613495095,1000,True
erp_core,config4,M15_LZ_Fz_0_150,sub-035,-0.26113191157237686,-0.15083811398780517,-0.1102937975845717,848,True
erp_core,config4,M15_LZ_Fz_0_150,sub-037,-3.8778621385048813,0.4035962503409694,-4.28145838884585,7,False
erp_core,config4,M15_LZ_Fz_0_150,sub-038,-0.09788981327001144,-0.007489648390299225,-0.09040016487971221,1000,True
erp_core,config4,M15_LZ_Fz_0_150,sub-039,-0.32399857292218565,,,0,False
erp_core,config4,M15_LZ_Fz_0_150,sub-040,-0.20779670342434686,-0.16230366792577985,-0.04549303549856701,749,True
erp_core,config4,M22_HJORTHMOB_Fz_0_150,sub-001,-0.19281289563133625,0.04207599581811709,-0.23488889144945335,1000,True
erp_core,config4,M22_HJORTHMOB_Fz_0_150,sub-002,0.13430228118885854,-0.05145766346970182,0.18575994465856036,1000,True
erp_core,config4,M22_HJORTHMOB_Fz_0_150,sub-003,0.08688445644090352,-0.04497844411264676,0.13186290055355027,3,False
erp_core,config4,M22_HJORTHMOB_Fz_0_150,sub-005,-0.018929168922843236,,,0,False
erp_core,config4,M22_HJORTHMOB_Fz_0_150,sub-006,0.18185898702642883,0.04479991737625405,0.13705906965017478,890,True
erp_core,config4,M22_HJORTHMOB_Fz_0_150,sub-007,0.10031919950855044,-0.03509650927417614,0.13541570878272657,531,True
erp_core,config4,M22_HJORTHMOB_Fz_0_150,sub-010,0.11041981048064742,-0.004733253634192405,0.11515306411483982,622,True
erp_core,config4,M22_HJORTHMOB_Fz_0_150,sub-011,0.19290285428104328,-0.06253548790921785,0.2554383421902611,1000,True
erp_core,config4,M22_HJORTHMOB_Fz_0_150,sub-012,0.11099220507302149,-0.00154485384630916,0.11253705891933065,1000,True
erp_core,config4,M22_HJORTHMOB_Fz_0_150,sub-013,0.015456550302870199,0.0912795850058752,-0.075823034703005,1000,True
erp_core,config4,M22_HJORTHMOB_Fz_0_150,sub-014,-0.19038466595781076,0.07264803857373273,-0.2630327045315435,998,True
erp_core,config4,M22_HJORTHMOB_Fz_0_150,sub-015,0.08300940146597972,0.03845363075084796,0.04455577071513176,1000,True
erp_core,config4,M22_HJORTHMOB_Fz_0_150,sub-016,0.336950651123017,0.035587967138912976,0.301362683984104,1000,True
erp_core,config4,M22_HJORTHMOB_Fz_0_150,sub-017,0.12524478021440477,-0.03365593430391825,0.15890071451832302,1000,True
erp_core,config4,M22_HJORTHMOB_Fz_0_150,sub-019,0.13417165894971592,0.000991932501543027,0.13317972644817289,1000,True
erp_core,config4,M22_HJORTHMOB_Fz_0_150,sub-020,0.18959371024977673,-0.04270713835263814,0.23230084860241487,1000,True
erp_core,config4,M22_HJORTHMOB_Fz_0_150,sub-021,-0.2401778594042164,0.003255684503536496,-0.2434335439077529,990,True
erp_core,config4,M22_HJORTHMOB_Fz_0_150,sub-022,0.20358475236837612,0.12639696323282018,0.07718778913555593,1000,True
erp_core,config4,M22_HJORTHMOB_Fz_0_150,sub-024,0.21580502011368158,0.019153192662917852,0.19665182745076373,1000,True
erp_core,config4,M22_HJORTHMOB_Fz_0_150,sub-025,0.0755810063592999,0.0223385867600524,0.0532424195992475,960,True
erp_core,config4,M22_HJORTHMOB_Fz_0_150,sub-026,0.29672973860822105,0.06739397217725826,0.2293357664309628,999,True
erp_core,config4,M22_HJORTHMOB_Fz_0_150,sub-027,0.000449519616530122,-0.0013186967494570395,0.0017682163659871616,1000,True
erp_core,config4,M22_HJORTHMOB_Fz_0_150,sub-028,0.03141098522758428,0.08332809339461779,-0.05191710816703351,999,True
erp_core,config4,M22_HJORTHMOB_Fz_0_150,sub-029,-0.13128144794418126,0.08251523950685878,-0.21379668745104002,1000,True
erp_core,config4,M22_HJORTHMOB_Fz_0_150,sub-030,0.9314345542807099,,,0,False
erp_core,config4,M22_HJORTHMOB_Fz_0_150,sub-031,0.24996162073330144,0.03612372263243095,0.2138378981008705,859,True
erp_core,config4,M22_HJORTHMOB_Fz_0_150,sub-033,0.10486076320302566,0.09602720057348224,0.00883356262954342,1000,True
erp_core,config4,M22_HJORTHMOB_Fz_0_150,sub-034,0.1357925886734746,-0.05919063231257219,0.19498322098604678,1000,True
erp_core,config4,M22_HJORTHMOB_Fz_0_150,sub-035,-0.44144575893229826,-0.06407115765782279,-0.3773746012744755,848,True
erp_core,config4,M22_HJORTHMOB_Fz_0_150,sub-037,0.7027087602481094,-0.008836605779199678,0.711545366027309,7,False
erp_core,config4,M22_HJORTHMOB_Fz_0_150,sub-038,0.05476269163463194,-0.004781719440198049,0.05954441107482999,1000,True
erp_core,config4,M22_HJORTHMOB_Fz_0_150,sub-039,0.1991591944738016,,,0,False
erp_core,config4,M22_HJORTHMOB_Fz_0_150,sub-040,-0.057887256620128016,-0.021875912594157932,-0.03601134402597009,749,True
erp_core,config4,M23_HJORTHCPLX_Fz_0_150,sub-001,0.13608252171609742,-0.023251212623542086,0.1593337343396395,1000,True
erp_core,config4,M23_HJORTHCPLX_Fz_0_150,sub-002,-0.012457031556808692,0.061032974652804495,-0.07349000620961318,1000,True
erp_core,config4,M23_HJORTHCPLX_Fz_0_150,sub-003,-0.011255205145129385,0.10985198846073241,-0.1211071936058618,3,False
erp_core,config4,M23_HJORTHCPLX_Fz_0_150,sub-005,0.012514488506566728,,,0,False
erp_core,config4,M23_HJORTHCPLX_Fz_0_150,sub-006,-0.03836838301512052,-0.015752705577906312,-0.02261567743721421,890,True
erp_core,config4,M23_HJORTHCPLX_Fz_0_150,sub-007,-0.006062783956359955,0.0041688368728576095,-0.010231620829217565,531,True
erp_core,config4,M23_HJORTHCPLX_Fz_0_150,sub-010,0.053525367830044183,0.03494503008543723,0.018580337744606955,622,True
erp_core,config4,M23_HJORTHCPLX_Fz_0_150,sub-011,-0.15226612181561647,0.03619949510164761,-0.18846561691726407,1000,True
erp_core,config4,M23_HJORTHCPLX_Fz_0_150,sub-012,-0.052087000725604,-0.005591293242308979,-0.046495707483295026,1000,True
erp_core,config4,M23_HJORTHCPLX_Fz_0_150,sub-013,-0.0008184174043993851,-0.0419084313570816,0.04109001395268222,1000,True
erp_core,config4,M23_HJORTHCPLX_Fz_0_150,sub-014,0.11685935935478736,-0.033482647435839265,0.15034200679062662,998,True
erp_core,config4,M23_HJORTHCPLX_Fz_0_150,sub-015,-0.02962156583429868,0.02109731758870659,-0.050718883423005276,1000,True
erp_core,config4,M23_HJORTHCPLX_Fz_0_150,sub-016,-0.14703037397897645,0.11100994262393749,-0.25804031660291393,1000,True
erp_core,config4,M23_HJORTHCPLX_Fz_0_150,sub-017,-0.040106468950524166,-0.12049182468764078,0.08038535573711661,1000,True
erp_core,config4,M23_HJORTHCPLX_Fz_0_150,sub-019,-0.0947585207611471,-0.026068581551652103,-0.068689939209495,1000,True
erp_core,config4,M23_HJORTHCPLX_Fz_0_150,sub-020,0.06782477256482862,0.09928765461119148,-0.031462882046362856,1000,True
erp_core,config4,M23_HJORTHCPLX_Fz_0_150,sub-021,0.11565036249132292,0.01824207681806658,0.09740828567325634,990,True
erp_core,config4,M23_HJORTHCPLX_Fz_0_150,sub-022,-0.0583630260770985,-0.022231664157947573,-0.03613136191915092,1000,True
erp_core,config4,M23_HJORTHCPLX_Fz_0_150,sub-024,-0.09874472938187905,-0.010351763899047331,-0.08839296548283171,1000,True
erp_core,config4,M23_HJORTHCPLX_Fz_0_150,sub-025,-0.03654109591343703,0.03210295012133963,-0.06864404603477667,960,True
erp_core,config4,M23_HJORTHCPLX_Fz_0_150,sub-026,-0.05765938185856776,0.0013631644418911296,-0.05902254630045889,999,True
erp_core,config4,M23_HJORTHCPLX_Fz_0_150,sub-027,0.03173134271585153,0.01845762096962367,0.013273721746227856,1000,True
erp_core,config4,M23_HJORTHCPLX_Fz_0_150,sub-028,-0.0009793683743270136,-0.06506263173410036,0.06408326335977335,999,True
erp_core,config4,M23_HJORTHCPLX_Fz_0_150,sub-029,0.09712302953251717,0.022979344945065122,0.07414368458745205,1000,True
erp_core,config4,M23_HJORTHCPLX_Fz_0_150,sub-030,-0.3288846784365388,,,0,False
erp_core,config4,M23_HJORTHCPLX_Fz_0_150,sub-031,-0.3762220303016449,-0.09082589689277057,-0.2853961334088744,859,True
erp_core,config4,M23_HJORTHCPLX_Fz_0_150,sub-033,0.0013528786930889973,-0.05392795897024267,0.05528083766333167,1000,True
erp_core,config4,M23_HJORTHCPLX_Fz_0_150,sub-034,-0.05693445574175292,0.05676962684824062,-0.11370408258999354,1000,True
erp_core,config4,M23_HJORTHCPLX_Fz_0_150,sub-035,0.2956686273808677,0.019820612562375436,0.27584801481849225,848,True
erp_core,config4,M23_HJORTHCPLX_Fz_0_150,sub-037,0.15013872428038422,-0.0033175277763395745,0.15345625205672378,7,False
erp_core,config4,M23_HJORTHCPLX_Fz_0_150,sub-038,-0.1032846831949939,0.024852446734128102,-0.128137129929122,1000,True
erp_core,config4,M23_HJORTHCPLX_Fz_0_150,sub-039,0.7839754321004605,,,0,False
erp_core,config4,M23_HJORTHCPLX_Fz_0_150,sub-040,0.13131672659217544,0.006475022373637192,0.12484170421853825,749,True
